-- phpMyAdmin SQL Dump
-- version 5.0.2
-- https://www.phpmyadmin.net/
--
-- Host: 127.0.0.1
-- Generation Time: Jul 03, 2020 at 07:05 PM
-- Server version: 10.4.11-MariaDB
-- PHP Version: 7.4.6

SET SQL_MODE = "NO_AUTO_VALUE_ON_ZERO";
START TRANSACTION;
SET time_zone = "+00:00";


/*!40101 SET @OLD_CHARACTER_SET_CLIENT=@@CHARACTER_SET_CLIENT */;
/*!40101 SET @OLD_CHARACTER_SET_RESULTS=@@CHARACTER_SET_RESULTS */;
/*!40101 SET @OLD_COLLATION_CONNECTION=@@COLLATION_CONNECTION */;
/*!40101 SET NAMES utf8mb4 */;

--
-- Database: `lordselearn`
--

-- --------------------------------------------------------

--
-- Table structure for table `branches`
--

CREATE TABLE `branches` (
  `id` int(11) NOT NULL,
  `branch_name` varchar(255) NOT NULL,
  `branch_code` varchar(255) NOT NULL,
  `created_dt` datetime NOT NULL DEFAULT current_timestamp(),
  `modified_dt` datetime NOT NULL DEFAULT current_timestamp() ON UPDATE current_timestamp()
) ENGINE=InnoDB DEFAULT CHARSET=utf8mb4;

--
-- Dumping data for table `branches`
--

INSERT INTO `branches` (`id`, `branch_name`, `branch_code`, `created_dt`, `modified_dt`) VALUES
(1, 'LORDS_BADANGPET', 'LORDS_BADANGPET', '2020-06-30 12:52:43', '2020-06-30 12:52:43'),
(2, 'LORDS_JILLELAGUDA', 'LORDS_JILLELAGUDA', '2020-06-30 12:53:10', '2020-06-30 12:53:10'),
(3, 'LORDS_MALLAPUR', 'LORDS_MALLAPUR', '2020-06-30 12:53:25', '2020-06-30 12:53:25'),
(4, 'SYREDDY_ALMASGUDA', 'SYREDDY_ALMASGUDA', '2020-06-30 12:54:00', '2020-06-30 12:54:00'),
(5, 'VIDHYA_VANI_RNREDDY', 'VIDHYA_VANI_RNREDDY', '2020-06-30 12:54:28', '2020-06-30 12:54:28'),
(6, 'VIDHYA_VIKAS_GURRAMGUDA', 'VIDHYA_VIKAS_GURRAMGUDA', '2020-06-30 12:54:55', '2020-06-30 12:54:55'),
(7, 'MARUTHI_CONCEPT_EMJAL', 'MARUTHI_CONCEPT_EMJAL', '2020-06-30 12:55:23', '2020-06-30 12:55:23');

-- --------------------------------------------------------

--
-- Table structure for table `classes`
--

CREATE TABLE `classes` (
  `id` int(11) NOT NULL,
  `class_code` varchar(128) NOT NULL,
  `class_name` varchar(128) NOT NULL,
  `created_dt` timestamp NOT NULL DEFAULT current_timestamp(),
  `modified_dt` timestamp NOT NULL DEFAULT current_timestamp() ON UPDATE current_timestamp()
) ENGINE=InnoDB DEFAULT CHARSET=utf8mb4;

--
-- Dumping data for table `classes`
--

INSERT INTO `classes` (`id`, `class_code`, `class_name`, `created_dt`, `modified_dt`) VALUES
(1, '10TH_CLASS', '10th class (x class)', '2020-07-03 05:41:37', '2020-07-03 05:41:37'),
(2, '9TH_CLASS', '9th class (ix class)', '2020-07-03 05:42:09', '2020-07-03 05:42:09'),
(3, '8TH_CLASS', '8th class (viii class)', '2020-07-03 05:42:37', '2020-07-03 05:42:37'),
(4, '7TH_CLASS', '7th class (vii class)', '2020-07-03 05:42:58', '2020-07-03 05:42:58'),
(5, '6TH_CLASS', '6th class (vi class)', '2020-07-03 05:43:30', '2020-07-03 05:43:30'),
(6, '5TH_CLASS', '5th class (v class)', '2020-07-03 05:43:49', '2020-07-03 05:43:49'),
(7, '4TH_CLASS', '4th class (iv class)', '2020-07-03 05:44:32', '2020-07-03 05:44:32'),
(8, '3RD_CLASS', '3rd class (iii class)', '2020-07-03 05:44:49', '2020-07-03 05:44:49'),
(9, '2ND_CLASS', '2nd class (ii class)', '2020-07-03 05:45:22', '2020-07-03 05:45:22'),
(10, '1ST_CLASS', '1st class (i class)', '2020-07-03 05:45:40', '2020-07-03 05:45:40');

-- --------------------------------------------------------

--
-- Table structure for table `homeworks`
--

CREATE TABLE `homeworks` (
  `id` int(11) NOT NULL,
  `uuid` varchar(48) NOT NULL,
  `homework_on` date NOT NULL,
  `title` varchar(255) NOT NULL,
  `description` mediumtext NOT NULL,
  `image` varchar(255) NOT NULL,
  `created_dt` timestamp NOT NULL DEFAULT current_timestamp(),
  `modified_dt` timestamp NOT NULL DEFAULT current_timestamp() ON UPDATE current_timestamp()
) ENGINE=InnoDB DEFAULT CHARSET=utf8mb4;

-- --------------------------------------------------------

--
-- Table structure for table `homework_sections`
--

CREATE TABLE `homework_sections` (
  `id` int(11) NOT NULL,
  `homework_on` date NOT NULL,
  `homework_id` int(11) NOT NULL,
  `class_id` int(11) NOT NULL,
  `subject_id` int(11) NOT NULL,
  `section_id` int(11) NOT NULL
) ENGINE=InnoDB DEFAULT CHARSET=utf8mb4;

-- --------------------------------------------------------

--
-- Table structure for table `posts`
--

CREATE TABLE `posts` (
  `id` int(11) NOT NULL,
  `uuid` varchar(48) NOT NULL,
  `post_on` date NOT NULL,
  `title` varchar(255) NOT NULL,
  `description` longtext NOT NULL,
  `post_type` varchar(255) NOT NULL,
  `filepath` varchar(255) NOT NULL,
  `image` varchar(255) DEFAULT NULL,
  `youtube_url` varchar(255) NOT NULL,
  `status` int(11) NOT NULL DEFAULT 0,
  `created_dt` timestamp NOT NULL DEFAULT current_timestamp(),
  `modified_dt` timestamp NOT NULL DEFAULT current_timestamp() ON UPDATE current_timestamp()
) ENGINE=InnoDB DEFAULT CHARSET=utf8mb4;

--
-- Dumping data for table `posts`
--

INSERT INTO `posts` (`id`, `uuid`, `post_on`, `title`, `description`, `post_type`, `filepath`, `image`, `youtube_url`, `status`, `created_dt`, `modified_dt`) VALUES
(1, 'fe83a8f9-8d87-4db2-8d25-663aec5aeeee', '2020-07-03', 'Hi testing post', '<p>Hi testing postHi testing postHi testing postHi testing postHi testing postHi testing postHi testing postHi testing postHi testing postHi testing postHi testing postHi testing postHi testing postHi testing postHi testing postHi testing postHi testing post</p>', 'YOUTUBE', '', '', 'https://www.youtube.com/watch?v=OCg6BWlAXSw', 1, '2020-07-03 16:59:05', '2020-07-03 16:59:05');

-- --------------------------------------------------------

--
-- Table structure for table `post_sections`
--

CREATE TABLE `post_sections` (
  `id` int(11) NOT NULL,
  `post_on` date NOT NULL,
  `post_id` int(11) NOT NULL,
  `class_id` int(11) NOT NULL,
  `subject_id` int(11) NOT NULL,
  `section_id` int(11) NOT NULL
) ENGINE=InnoDB DEFAULT CHARSET=utf8mb4;

--
-- Dumping data for table `post_sections`
--

INSERT INTO `post_sections` (`id`, `post_on`, `post_id`, `class_id`, `subject_id`, `section_id`) VALUES
(1, '2020-07-03', 1, 3, 48, 27);

-- --------------------------------------------------------

--
-- Table structure for table `sections`
--

CREATE TABLE `sections` (
  `id` int(11) NOT NULL,
  `branch_id` int(11) NOT NULL,
  `class_id` int(11) NOT NULL,
  `section_name` varchar(48) NOT NULL,
  `section_code` varchar(48) NOT NULL,
  `created_dt` timestamp NOT NULL DEFAULT current_timestamp()
) ENGINE=InnoDB DEFAULT CHARSET=utf8mb4;

--
-- Dumping data for table `sections`
--

INSERT INTO `sections` (`id`, `branch_id`, `class_id`, `section_name`, `section_code`, `created_dt`) VALUES
(1, 2, 10, '1st class - rose', 'ROSE', '2020-07-03 06:10:18'),
(2, 2, 10, '1st class - jasmine', 'JASMINE', '2020-07-03 06:10:37'),
(3, 2, 10, '1st class - lotus', 'LOTUS', '2020-07-03 06:10:59'),
(4, 2, 10, '1st class - marigold', 'MARIGOLD', '2020-07-03 06:11:21'),
(5, 2, 9, '2nd class - rose', 'ROSE', '2020-07-03 06:12:18'),
(6, 2, 9, '2nd class - jasmine', 'JASMINE', '2020-07-03 06:13:04'),
(7, 2, 9, '2nd class - lotus', 'LOTUS', '2020-07-03 06:13:33'),
(8, 2, 9, '2nd class - marigold', 'MARIGOLD', '2020-07-03 06:14:00'),
(9, 2, 8, '3rd class - rose', 'ROSE', '2020-07-03 06:14:42'),
(10, 2, 8, '3rd class - jasmine', 'JASMINE', '2020-07-03 06:15:07'),
(11, 2, 8, '3rd class - lotus', 'LOTUS', '2020-07-03 06:15:34'),
(12, 2, 8, '3rd class - marigold', 'MARIGOLD', '2020-07-03 06:16:00'),
(13, 2, 7, '4th class - rose', 'ROSE', '2020-07-03 06:16:44'),
(14, 2, 7, '4th class - jasmine', 'JASMINE', '2020-07-03 06:17:02'),
(15, 2, 7, '4th class - lotus', 'LOTUS', '2020-07-03 06:17:20'),
(16, 2, 7, '4th class - marigold', 'MARIGOLD', '2020-07-03 06:17:39'),
(17, 2, 6, '5th class - rose', 'ROSE', '2020-07-03 06:18:06'),
(18, 2, 6, '5th class - jasmine', 'JASMINE', '2020-07-03 06:18:29'),
(19, 2, 6, '5th class - lotus', 'LOTUS', '2020-07-03 06:18:44'),
(20, 2, 5, '6th class - rose', 'ROSE', '2020-07-03 06:19:05'),
(21, 2, 5, '6th class - jasmine', 'JASMINE', '2020-07-03 06:19:41'),
(22, 2, 5, '6th class - lotus', 'LOTUS', '2020-07-03 06:20:04'),
(23, 2, 4, '7th class - rose', 'ROSE', '2020-07-03 06:20:38'),
(24, 2, 4, '7th class - jasmine', 'JASMINE', '2020-07-03 06:21:02'),
(25, 2, 4, '7th class - lotus', 'LOTUS', '2020-07-03 06:21:28'),
(26, 2, 3, '8th class - rose', 'ROSE', '2020-07-03 06:21:47'),
(27, 2, 3, '8th class - jasmine', 'JASMINE', '2020-07-03 06:22:09'),
(28, 2, 2, '9th class - rose', 'ROSE', '2020-07-03 06:22:26'),
(29, 2, 2, '9th class - jasmine', 'JASMINE', '2020-07-03 06:22:46'),
(30, 2, 1, '10th class - rose', 'ROSE', '2020-07-03 06:23:05'),
(31, 2, 1, '10th class - jasmine', 'JASMINE', '2020-07-03 06:23:22');

-- --------------------------------------------------------

--
-- Table structure for table `student_homeworks`
--

CREATE TABLE `student_homeworks` (
  `id` int(11) NOT NULL,
  `student_id` int(11) NOT NULL,
  `homework_id` int(11) NOT NULL,
  `comment` varchar(512) NOT NULL,
  `image` varchar(255) NOT NULL,
  `submit_date` date NOT NULL
) ENGINE=InnoDB DEFAULT CHARSET=utf8mb4;

-- --------------------------------------------------------

--
-- Table structure for table `subjects`
--

CREATE TABLE `subjects` (
  `id` int(11) NOT NULL,
  `class_id` int(11) NOT NULL,
  `subject_name` varchar(255) NOT NULL,
  `subject_code` varchar(255) NOT NULL,
  `created_dt` timestamp NOT NULL DEFAULT current_timestamp(),
  `modified_dt` timestamp NOT NULL DEFAULT current_timestamp() ON UPDATE current_timestamp()
) ENGINE=InnoDB DEFAULT CHARSET=utf8mb4;

--
-- Dumping data for table `subjects`
--

INSERT INTO `subjects` (`id`, `class_id`, `subject_name`, `subject_code`, `created_dt`, `modified_dt`) VALUES
(1, 10, 'telugu', 'TELUGU', '2020-07-03 05:48:11', '2020-07-03 05:48:11'),
(2, 10, 'hindi', 'HINDI', '2020-07-03 05:48:22', '2020-07-03 05:48:22'),
(3, 10, 'english', 'ENGLISH', '2020-07-03 05:48:42', '2020-07-03 05:48:42'),
(4, 10, 'maths', 'MATHS', '2020-07-03 05:48:49', '2020-07-03 05:48:49'),
(5, 10, 'evs', 'EVS', '2020-07-03 05:48:54', '2020-07-03 05:48:54'),
(6, 10, 'computer', 'COMPUTER', '2020-07-03 05:49:01', '2020-07-03 05:49:01'),
(7, 9, 'telugu', 'TELUGU', '2020-07-03 05:50:10', '2020-07-03 05:50:10'),
(8, 9, 'hindi', 'HINDI', '2020-07-03 05:50:17', '2020-07-03 05:50:17'),
(9, 9, 'english', 'ENGLISH', '2020-07-03 05:50:24', '2020-07-03 05:50:24'),
(10, 9, 'maths', 'MATHS', '2020-07-03 05:50:32', '2020-07-03 05:50:32'),
(11, 9, 'evs', 'EVS', '2020-07-03 05:50:37', '2020-07-03 05:50:37'),
(12, 9, 'computer', 'COMPUTER', '2020-07-03 05:50:44', '2020-07-03 05:50:44'),
(13, 8, 'telugu', 'TELUGU', '2020-07-03 05:50:52', '2020-07-03 05:50:52'),
(14, 8, 'hindi', 'HINDI', '2020-07-03 05:50:58', '2020-07-03 05:50:58'),
(15, 8, 'english', 'ENGLISH', '2020-07-03 05:51:16', '2020-07-03 05:51:16'),
(16, 8, 'maths', 'MATHS', '2020-07-03 05:51:24', '2020-07-03 05:51:24'),
(17, 8, 'science', 'SCIENCE', '2020-07-03 05:51:33', '2020-07-03 05:51:33'),
(18, 8, 'social', 'SOCIAL', '2020-07-03 05:51:41', '2020-07-03 05:51:41'),
(19, 8, 'computer', 'COMPUTER', '2020-07-03 05:51:56', '2020-07-03 05:51:56'),
(20, 7, 'telugu', 'TELUGU', '2020-07-03 05:52:11', '2020-07-03 05:52:11'),
(21, 7, 'hindi', 'HINDI', '2020-07-03 05:52:18', '2020-07-03 05:52:18'),
(22, 7, 'english', 'ENGLISH', '2020-07-03 05:52:25', '2020-07-03 05:52:25'),
(23, 7, 'maths', 'MATHS', '2020-07-03 05:52:31', '2020-07-03 05:52:31'),
(24, 7, 'science', 'SCIENCE', '2020-07-03 05:52:38', '2020-07-03 05:52:38'),
(25, 7, 'social', 'SOCIAL', '2020-07-03 05:52:45', '2020-07-03 05:52:45'),
(26, 7, 'computer', 'COMPUTER', '2020-07-03 05:52:51', '2020-07-03 05:52:51'),
(27, 6, 'telugu', 'TELUGU', '2020-07-03 05:53:05', '2020-07-03 05:53:05'),
(28, 6, 'hindi', 'HINDI', '2020-07-03 05:53:11', '2020-07-03 05:53:11'),
(29, 6, 'english', 'ENGLISH', '2020-07-03 05:53:17', '2020-07-03 05:53:17'),
(30, 6, 'maths', 'MATHS', '2020-07-03 05:53:23', '2020-07-03 05:53:23'),
(31, 6, 'science', 'SCIENCE', '2020-07-03 05:53:44', '2020-07-03 05:53:44'),
(32, 6, 'social', 'SOCIAL', '2020-07-03 05:53:52', '2020-07-03 05:53:52'),
(33, 6, 'computer', 'COMPUTER', '2020-07-03 05:54:00', '2020-07-03 05:54:00'),
(34, 5, 'telugu', 'TELUGU', '2020-07-03 05:54:18', '2020-07-03 05:54:18'),
(35, 5, 'hindi', 'HINDI', '2020-07-03 05:54:25', '2020-07-03 05:54:25'),
(36, 5, 'english', 'ENGLISH', '2020-07-03 05:54:32', '2020-07-03 05:54:32'),
(37, 5, 'maths', 'MATHS', '2020-07-03 05:54:38', '2020-07-03 05:54:38'),
(38, 5, 'science', 'SCIENCE', '2020-07-03 05:54:44', '2020-07-03 05:54:44'),
(39, 5, 'social', 'SOCIAL', '2020-07-03 05:54:51', '2020-07-03 05:54:51'),
(40, 5, 'computer', 'COMPUTER', '2020-07-03 05:54:57', '2020-07-03 05:54:57'),
(41, 4, 'telugu', 'TELUGU', '2020-07-03 05:55:13', '2020-07-03 05:55:13'),
(42, 4, 'hindi', 'HINDI', '2020-07-03 05:55:21', '2020-07-03 05:55:21'),
(43, 4, 'english', 'ENGLISH', '2020-07-03 05:55:28', '2020-07-03 05:55:28'),
(44, 4, 'maths', 'MATHS', '2020-07-03 05:55:35', '2020-07-03 05:55:35'),
(45, 4, 'science', 'SCIENCE', '2020-07-03 05:55:41', '2020-07-03 05:55:41'),
(46, 4, 'social', 'SOCIAL', '2020-07-03 05:55:48', '2020-07-03 05:55:48'),
(47, 4, 'computer', 'COMPUTER', '2020-07-03 05:55:54', '2020-07-03 05:55:54'),
(48, 3, 'telugu', 'TELUGU', '2020-07-03 05:56:10', '2020-07-03 05:56:10'),
(49, 3, 'hindi', 'HINDI', '2020-07-03 05:56:16', '2020-07-03 05:56:16'),
(50, 3, 'english', 'ENGLISH', '2020-07-03 05:56:23', '2020-07-03 05:56:23'),
(51, 3, 'maths', 'MATHS', '2020-07-03 05:57:02', '2020-07-03 05:57:02'),
(52, 3, 'physics', 'PHYSICS', '2020-07-03 05:57:12', '2020-07-03 05:57:12'),
(53, 3, 'biology', 'BIOLOGY', '2020-07-03 05:57:25', '2020-07-03 05:57:25'),
(54, 3, 'social', 'SOCIAL', '2020-07-03 05:57:40', '2020-07-03 05:57:40'),
(55, 3, 'computer', 'COMPUTER', '2020-07-03 05:57:47', '2020-07-03 05:57:47'),
(56, 2, 'telugu', 'TELUGU', '2020-07-03 05:57:57', '2020-07-03 05:57:57'),
(57, 2, 'hindi', 'HINDI', '2020-07-03 05:58:04', '2020-07-03 05:58:04'),
(58, 2, 'english', 'ENGLISH', '2020-07-03 05:58:11', '2020-07-03 05:58:11'),
(59, 2, 'maths', 'MATHS', '2020-07-03 05:58:16', '2020-07-03 05:58:16'),
(60, 2, 'physics', 'PHYSICS', '2020-07-03 06:04:33', '2020-07-03 06:04:33'),
(61, 2, 'biology', 'BIOLOGY', '2020-07-03 06:05:26', '2020-07-03 06:05:26'),
(62, 2, 'social', 'SOCIAL', '2020-07-03 06:05:32', '2020-07-03 06:05:32'),
(63, 1, 'telugu', 'TELUGU', '2020-07-03 06:05:42', '2020-07-03 06:05:42'),
(64, 1, 'hindi', 'HINDI', '2020-07-03 06:05:48', '2020-07-03 06:05:48'),
(65, 1, 'english', 'ENGLISH', '2020-07-03 06:05:53', '2020-07-03 06:05:53'),
(66, 1, 'maths', 'MATHS', '2020-07-03 06:06:00', '2020-07-03 06:06:00'),
(67, 1, 'physics', 'PHYSICS', '2020-07-03 06:06:05', '2020-07-03 06:06:05'),
(68, 1, 'biology', 'BIOLOGY', '2020-07-03 06:06:11', '2020-07-03 06:06:11'),
(69, 1, 'social', 'SOCIAL', '2020-07-03 06:06:17', '2020-07-03 06:06:17');

-- --------------------------------------------------------

--
-- Table structure for table `teachermappings`
--

CREATE TABLE `teachermappings` (
  `id` int(11) NOT NULL,
  `branch_id` int(11) NOT NULL,
  `teacher_id` int(11) NOT NULL,
  `class_id` int(11) NOT NULL,
  `section_id` int(11) NOT NULL,
  `subject_id` int(11) NOT NULL,
  `created_dt` timestamp NOT NULL DEFAULT current_timestamp()
) ENGINE=InnoDB DEFAULT CHARSET=utf8mb4;

--
-- Dumping data for table `teachermappings`
--

INSERT INTO `teachermappings` (`id`, `branch_id`, `teacher_id`, `class_id`, `section_id`, `subject_id`, `created_dt`) VALUES
(1, 2, 30, 10, 1, 1, '2020-07-03 06:48:35'),
(2, 2, 30, 10, 2, 1, '2020-07-03 06:48:45'),
(3, 2, 30, 10, 3, 1, '2020-07-03 06:48:52'),
(4, 2, 30, 10, 4, 1, '2020-07-03 06:49:01'),
(5, 2, 30, 9, 5, 7, '2020-07-03 06:49:17'),
(6, 2, 30, 9, 6, 7, '2020-07-03 06:49:54'),
(7, 2, 28, 9, 7, 7, '2020-07-03 06:55:22'),
(8, 2, 28, 9, 8, 7, '2020-07-03 06:55:38'),
(9, 2, 28, 8, 12, 13, '2020-07-03 06:55:53'),
(10, 2, 28, 8, 11, 13, '2020-07-03 06:56:03'),
(11, 2, 28, 8, 10, 13, '2020-07-03 06:56:11'),
(12, 2, 28, 8, 9, 13, '2020-07-03 06:56:19'),
(13, 2, 22, 7, 16, 20, '2020-07-03 07:02:15'),
(14, 2, 22, 7, 15, 20, '2020-07-03 07:02:23'),
(15, 2, 22, 7, 14, 20, '2020-07-03 07:02:34'),
(16, 2, 22, 7, 13, 20, '2020-07-03 07:02:42'),
(17, 2, 22, 6, 17, 27, '2020-07-03 07:06:49'),
(18, 2, 22, 6, 18, 27, '2020-07-03 07:06:57'),
(19, 2, 14, 6, 19, 27, '2020-07-03 07:10:11'),
(20, 2, 14, 5, 20, 34, '2020-07-03 07:10:19'),
(22, 2, 14, 5, 21, 34, '2020-07-03 07:12:52'),
(23, 2, 14, 5, 22, 34, '2020-07-03 07:13:08'),
(24, 2, 14, 4, 23, 41, '2020-07-03 07:13:34'),
(25, 2, 14, 4, 24, 41, '2020-07-03 07:13:42'),
(26, 2, 14, 4, 25, 41, '2020-07-03 07:13:49'),
(27, 2, 4, 3, 26, 48, '2020-07-03 07:14:56'),
(28, 2, 4, 3, 27, 48, '2020-07-03 07:15:04'),
(29, 2, 4, 2, 28, 56, '2020-07-03 07:15:10'),
(30, 2, 4, 2, 29, 56, '2020-07-03 07:15:19'),
(31, 2, 4, 1, 30, 63, '2020-07-03 07:15:33'),
(32, 2, 4, 1, 31, 63, '2020-07-03 07:15:41'),
(33, 2, 27, 10, 1, 2, '2020-07-03 07:16:10'),
(34, 2, 27, 10, 2, 2, '2020-07-03 07:16:17'),
(35, 2, 27, 9, 6, 8, '2020-07-03 07:16:26'),
(36, 2, 27, 9, 7, 8, '2020-07-03 07:16:33'),
(37, 2, 27, 9, 8, 8, '2020-07-03 07:16:42'),
(38, 2, 27, 8, 9, 14, '2020-07-03 07:16:49'),
(39, 2, 26, 10, 3, 2, '2020-07-03 07:22:41'),
(40, 2, 26, 10, 4, 2, '2020-07-03 07:23:11'),
(41, 2, 26, 9, 5, 8, '2020-07-03 07:23:49'),
(42, 2, 26, 8, 11, 14, '2020-07-03 07:24:02'),
(43, 2, 26, 8, 12, 14, '2020-07-03 07:24:15'),
(44, 2, 26, 7, 16, 21, '2020-07-03 07:24:32'),
(45, 2, 20, 8, 10, 14, '2020-07-03 07:31:51'),
(46, 2, 20, 7, 13, 21, '2020-07-03 07:32:05'),
(47, 2, 20, 6, 18, 28, '2020-07-03 07:32:28'),
(48, 2, 20, 5, 20, 35, '2020-07-03 07:32:41'),
(49, 2, 20, 5, 21, 35, '2020-07-03 07:32:48'),
(50, 2, 20, 4, 24, 42, '2020-07-03 07:33:04'),
(51, 2, 15, 7, 15, 21, '2020-07-03 07:34:14'),
(52, 2, 15, 7, 14, 21, '2020-07-03 07:34:28'),
(53, 2, 15, 6, 17, 28, '2020-07-03 07:34:42'),
(54, 2, 15, 6, 19, 28, '2020-07-03 07:34:53'),
(55, 2, 15, 5, 22, 35, '2020-07-03 07:35:04'),
(56, 2, 15, 4, 23, 42, '2020-07-03 07:35:16'),
(57, 2, 15, 4, 25, 42, '2020-07-03 07:35:24'),
(59, 2, 5, 3, 26, 49, '2020-07-03 07:36:54'),
(60, 2, 5, 3, 27, 49, '2020-07-03 07:37:01'),
(61, 2, 5, 2, 28, 57, '2020-07-03 07:37:13'),
(62, 2, 5, 2, 29, 57, '2020-07-03 07:37:20'),
(63, 2, 5, 1, 30, 64, '2020-07-03 07:37:26'),
(64, 2, 5, 1, 31, 64, '2020-07-03 07:37:37'),
(65, 2, 23, 10, 2, 3, '2020-07-03 07:38:30'),
(66, 2, 23, 9, 7, 9, '2020-07-03 07:38:44'),
(67, 2, 23, 7, 13, 25, '2020-07-03 07:38:58'),
(68, 2, 23, 7, 14, 25, '2020-07-03 07:39:06'),
(69, 2, 23, 7, 15, 25, '2020-07-03 07:39:14'),
(70, 2, 23, 7, 16, 25, '2020-07-03 07:39:22'),
(71, 2, 23, 8, 9, 19, '2020-07-03 07:39:45'),
(72, 2, 23, 8, 10, 19, '2020-07-03 07:39:53'),
(73, 2, 23, 8, 11, 19, '2020-07-03 07:40:00'),
(74, 2, 23, 8, 12, 19, '2020-07-03 07:40:14'),
(77, 2, 33, 10, 2, 1, '2020-07-03 08:01:02'),
(78, 2, 33, 10, 2, 2, '2020-07-03 08:01:13'),
(79, 2, 33, 10, 2, 3, '2020-07-03 08:01:21'),
(80, 2, 33, 10, 2, 4, '2020-07-03 08:01:29'),
(81, 2, 33, 10, 2, 5, '2020-07-03 08:01:36'),
(82, 2, 33, 10, 2, 6, '2020-07-03 08:01:43'),
(83, 2, 34, 10, 4, 1, '2020-07-03 08:02:13'),
(84, 2, 34, 10, 4, 2, '2020-07-03 08:02:23'),
(85, 2, 34, 10, 4, 3, '2020-07-03 08:02:29'),
(86, 2, 34, 10, 4, 4, '2020-07-03 08:02:56'),
(87, 2, 34, 10, 4, 5, '2020-07-03 08:03:07'),
(88, 2, 34, 10, 4, 6, '2020-07-03 08:03:18'),
(95, 2, 35, 10, 3, 1, '2020-07-03 08:05:23'),
(96, 2, 35, 10, 3, 2, '2020-07-03 08:05:29'),
(97, 2, 35, 10, 3, 3, '2020-07-03 08:05:36'),
(98, 2, 35, 10, 3, 4, '2020-07-03 08:05:44'),
(99, 2, 35, 10, 3, 5, '2020-07-03 08:05:51'),
(100, 2, 35, 10, 3, 6, '2020-07-03 08:05:59'),
(101, 2, 31, 10, 1, 3, '2020-07-03 08:08:01'),
(102, 2, 31, 10, 3, 3, '2020-07-03 08:08:12'),
(103, 2, 31, 10, 4, 3, '2020-07-03 08:08:19'),
(104, 2, 31, 9, 8, 9, '2020-07-03 08:08:35'),
(105, 2, 31, 9, 8, 11, '2020-07-03 08:08:58'),
(106, 2, 31, 8, 9, 18, '2020-07-03 08:10:37'),
(107, 2, 31, 8, 9, 17, '2020-07-03 08:11:14'),
(108, 2, 21, 9, 5, 9, '2020-07-03 08:11:47'),
(109, 2, 21, 9, 6, 9, '2020-07-03 08:11:55'),
(110, 2, 21, 8, 9, 15, '2020-07-03 08:12:06'),
(111, 2, 21, 8, 10, 15, '2020-07-03 08:12:13'),
(112, 2, 21, 7, 15, 22, '2020-07-03 08:12:25'),
(113, 2, 21, 7, 16, 22, '2020-07-03 08:12:35'),
(114, 2, 21, 6, 19, 29, '2020-07-03 08:13:14'),
(115, 2, 19, 8, 11, 15, '2020-07-03 08:14:06'),
(116, 2, 19, 8, 12, 15, '2020-07-03 08:14:13'),
(117, 2, 19, 7, 13, 22, '2020-07-03 08:14:23'),
(118, 2, 19, 7, 14, 22, '2020-07-03 08:14:30'),
(119, 2, 19, 6, 17, 29, '2020-07-03 08:14:40'),
(120, 2, 19, 6, 18, 29, '2020-07-03 08:14:47'),
(121, 2, 19, 7, 13, 26, '2020-07-03 08:15:12'),
(122, 2, 19, 7, 14, 26, '2020-07-03 08:15:21'),
(123, 2, 19, 7, 15, 26, '2020-07-03 08:15:38'),
(124, 2, 19, 7, 16, 26, '2020-07-03 08:15:50'),
(125, 2, 19, 6, 17, 33, '2020-07-03 08:16:13'),
(126, 2, 19, 6, 18, 33, '2020-07-03 08:16:21'),
(127, 2, 19, 6, 19, 33, '2020-07-03 08:16:29'),
(128, 2, 9, 5, 21, 36, '2020-07-03 08:17:14'),
(129, 2, 9, 5, 22, 36, '2020-07-03 08:17:23'),
(130, 2, 9, 4, 25, 43, '2020-07-03 08:17:37'),
(131, 2, 9, 3, 26, 50, '2020-07-03 08:17:50'),
(132, 2, 9, 2, 28, 58, '2020-07-03 08:18:11'),
(133, 2, 9, 1, 31, 65, '2020-07-03 08:18:30'),
(134, 2, 8, 5, 20, 36, '2020-07-03 08:19:02'),
(135, 2, 8, 4, 24, 43, '2020-07-03 08:19:13'),
(136, 2, 8, 4, 23, 43, '2020-07-03 08:19:22'),
(137, 2, 8, 3, 27, 50, '2020-07-03 08:19:34'),
(138, 2, 8, 2, 29, 58, '2020-07-03 08:19:47'),
(139, 2, 8, 1, 30, 65, '2020-07-03 08:19:56'),
(140, 2, 29, 10, 2, 4, '2020-07-03 08:20:33'),
(141, 2, 29, 10, 3, 4, '2020-07-03 08:20:43'),
(142, 2, 29, 10, 4, 4, '2020-07-03 08:20:59'),
(143, 2, 29, 9, 6, 10, '2020-07-03 08:21:12'),
(144, 2, 23, 10, 1, 4, '2020-07-03 08:22:54'),
(145, 2, 23, 9, 5, 10, '2020-07-03 08:23:05'),
(146, 2, 23, 8, 12, 16, '2020-07-03 08:23:18'),
(147, 2, 23, 7, 16, 23, '2020-07-03 08:23:29'),
(148, 2, 23, 10, 1, 6, '2020-07-03 08:38:23'),
(149, 2, 23, 10, 2, 6, '2020-07-03 08:38:32'),
(150, 2, 23, 10, 3, 6, '2020-07-03 08:38:40'),
(151, 2, 23, 10, 4, 6, '2020-07-03 08:38:49'),
(152, 2, 23, 9, 5, 12, '2020-07-03 08:39:01'),
(153, 2, 23, 9, 6, 12, '2020-07-03 08:39:09'),
(154, 2, 23, 9, 7, 12, '2020-07-03 08:39:16'),
(155, 2, 23, 9, 8, 12, '2020-07-03 08:39:22'),
(156, 2, 17, 9, 7, 10, '2020-07-03 08:41:02'),
(157, 2, 17, 9, 8, 10, '2020-07-03 08:41:10'),
(158, 2, 17, 8, 10, 16, '2020-07-03 08:41:32'),
(159, 2, 17, 8, 11, 16, '2020-07-03 08:41:46'),
(160, 2, 17, 7, 14, 23, '2020-07-03 08:41:56'),
(161, 2, 17, 6, 19, 30, '2020-07-03 08:42:08'),
(162, 2, 18, 8, 9, 16, '2020-07-03 08:42:43'),
(163, 2, 18, 7, 13, 23, '2020-07-03 08:42:58'),
(164, 2, 18, 7, 15, 23, '2020-07-03 08:43:32'),
(165, 2, 18, 6, 17, 30, '2020-07-03 08:43:44'),
(166, 2, 18, 6, 18, 30, '2020-07-03 08:43:52'),
(167, 2, 18, 5, 20, 40, '2020-07-03 08:44:25'),
(168, 2, 18, 5, 21, 40, '2020-07-03 08:44:31'),
(169, 2, 18, 5, 22, 40, '2020-07-03 08:44:39'),
(170, 2, 18, 4, 23, 47, '2020-07-03 08:44:54'),
(171, 2, 18, 4, 24, 47, '2020-07-03 08:45:02'),
(172, 2, 18, 4, 25, 47, '2020-07-03 08:45:10'),
(173, 2, 18, 3, 26, 55, '2020-07-03 08:45:20'),
(174, 2, 18, 3, 27, 55, '2020-07-03 08:45:37'),
(175, 2, 7, 5, 20, 37, '2020-07-03 08:46:07'),
(176, 2, 7, 5, 22, 37, '2020-07-03 08:46:15'),
(177, 2, 7, 4, 23, 44, '2020-07-03 08:46:27'),
(178, 2, 7, 3, 27, 51, '2020-07-03 08:46:38'),
(179, 2, 7, 2, 29, 59, '2020-07-03 08:46:46'),
(180, 2, 7, 1, 31, 66, '2020-07-03 08:46:54'),
(181, 2, 6, 5, 21, 37, '2020-07-03 08:47:42'),
(182, 2, 6, 4, 24, 44, '2020-07-03 08:47:56'),
(183, 2, 6, 4, 25, 44, '2020-07-03 08:48:18'),
(184, 2, 6, 3, 26, 51, '2020-07-03 08:48:47'),
(185, 2, 6, 2, 28, 59, '2020-07-03 08:48:56'),
(186, 2, 6, 1, 30, 66, '2020-07-03 08:49:05'),
(187, 2, 24, 10, 3, 5, '2020-07-03 08:49:46'),
(188, 2, 24, 10, 4, 5, '2020-07-03 08:50:01'),
(189, 2, 24, 9, 7, 11, '2020-07-03 08:50:10'),
(190, 2, 25, 9, 6, 11, '2020-07-03 08:50:53'),
(191, 2, 25, 8, 10, 17, '2020-07-03 08:51:21'),
(192, 2, 25, 8, 11, 17, '2020-07-03 08:51:42'),
(193, 2, 25, 8, 12, 17, '2020-07-03 08:52:04'),
(194, 2, 25, 8, 10, 18, '2020-07-03 09:11:05'),
(195, 2, 25, 8, 11, 18, '2020-07-03 09:11:14'),
(196, 2, 25, 8, 12, 18, '2020-07-03 09:11:26'),
(197, 2, 16, 7, 13, 24, '2020-07-03 09:12:19'),
(198, 2, 16, 7, 14, 24, '2020-07-03 09:12:35'),
(199, 2, 16, 7, 15, 24, '2020-07-03 09:12:56'),
(200, 2, 16, 7, 16, 24, '2020-07-03 09:13:09'),
(201, 2, 16, 6, 17, 31, '2020-07-03 09:13:24'),
(202, 2, 16, 6, 19, 31, '2020-07-03 09:13:34'),
(203, 2, 16, 6, 18, 32, '2020-07-03 09:13:46'),
(204, 2, 12, 6, 18, 31, '2020-07-03 09:14:24'),
(205, 2, 12, 5, 20, 38, '2020-07-03 09:14:49'),
(206, 2, 12, 5, 21, 38, '2020-07-03 09:15:12'),
(207, 2, 12, 5, 22, 38, '2020-07-03 09:15:38'),
(208, 2, 12, 4, 24, 45, '2020-07-03 09:16:25'),
(209, 2, 12, 3, 26, 53, '2020-07-03 09:16:37'),
(210, 2, 12, 2, 29, 61, '2020-07-03 09:16:50'),
(211, 2, 3, 3, 26, 52, '2020-07-03 09:18:21'),
(212, 2, 3, 3, 27, 52, '2020-07-03 09:18:30'),
(213, 2, 3, 2, 28, 60, '2020-07-03 09:18:40'),
(214, 2, 3, 2, 29, 60, '2020-07-03 09:18:47'),
(215, 2, 3, 1, 30, 67, '2020-07-03 09:18:57'),
(216, 2, 3, 1, 31, 67, '2020-07-03 09:19:05'),
(217, 2, 10, 4, 23, 45, '2020-07-03 09:20:05'),
(218, 2, 10, 4, 25, 45, '2020-07-03 09:20:14'),
(219, 2, 10, 3, 27, 53, '2020-07-03 09:20:39'),
(220, 2, 10, 2, 28, 61, '2020-07-03 09:20:59'),
(221, 2, 10, 1, 30, 68, '2020-07-03 09:21:08'),
(222, 2, 10, 1, 31, 68, '2020-07-03 09:21:16'),
(223, 2, 13, 6, 17, 32, '2020-07-03 09:22:09'),
(224, 2, 13, 6, 19, 32, '2020-07-03 09:22:17'),
(225, 2, 13, 5, 20, 39, '2020-07-03 09:22:26'),
(226, 2, 13, 5, 21, 39, '2020-07-03 09:22:34'),
(227, 2, 13, 5, 22, 39, '2020-07-03 09:22:41'),
(228, 2, 13, 4, 23, 46, '2020-07-03 09:22:51'),
(229, 2, 13, 4, 24, 46, '2020-07-03 09:22:58'),
(230, 2, 11, 4, 25, 46, '2020-07-03 09:23:26'),
(231, 2, 11, 3, 26, 54, '2020-07-03 09:23:37'),
(232, 2, 11, 3, 27, 54, '2020-07-03 09:23:47'),
(233, 2, 11, 2, 28, 62, '2020-07-03 09:24:00'),
(234, 2, 11, 2, 29, 62, '2020-07-03 09:24:08'),
(235, 2, 11, 1, 30, 69, '2020-07-03 09:24:20'),
(236, 2, 11, 1, 31, 69, '2020-07-03 09:24:27'),
(237, 2, 32, 10, 1, 5, '2020-07-03 09:25:17'),
(238, 2, 32, 9, 5, 11, '2020-07-03 09:25:26');

-- --------------------------------------------------------

--
-- Table structure for table `users`
--

CREATE TABLE `users` (
  `id` int(11) NOT NULL,
  `uuid` varchar(48) NOT NULL,
  `name` varchar(128) NOT NULL,
  `father_name` varchar(128) DEFAULT NULL,
  `email` varchar(128) DEFAULT NULL,
  `mobile` varchar(48) NOT NULL,
  `role` varchar(48) NOT NULL,
  `branch_id` int(11) NOT NULL,
  `class_id` int(11) NOT NULL DEFAULT 0,
  `section_id` int(11) NOT NULL DEFAULT 0,
  `image` varchar(255) DEFAULT NULL,
  `created_dt` timestamp NOT NULL DEFAULT current_timestamp(),
  `modified_dt` timestamp NOT NULL DEFAULT current_timestamp() ON UPDATE current_timestamp()
) ENGINE=InnoDB DEFAULT CHARSET=utf8mb4;

--
-- Dumping data for table `users`
--

INSERT INTO `users` (`id`, `uuid`, `name`, `father_name`, `email`, `mobile`, `role`, `branch_id`, `class_id`, `section_id`, `image`, `created_dt`, `modified_dt`) VALUES
(1, '1a036ab9-f9de-4098-82e5-ec97dea9374a', 'Pavan Kumar', NULL, 'en.pavankumar@gmail.com', '8520872771', 'SUPER_ADMIN', 0, 0, 0, NULL, '2020-07-03 05:39:54', '2020-07-03 05:39:54'),
(2, '406f53ca-6181-4de2-b2d1-76c21a0707e6', 'Satish Kumar', NULL, '', '7981788603', 'ADMIN', 2, 0, 0, '', '2020-07-03 06:08:54', '2020-07-03 06:08:54'),
(3, '68b16526-5215-481d-a25c-f5baf3489c6b', 'SATISH KUMAR', NULL, '', '9502921208', 'TEACHERS', 2, 0, 0, '', '2020-07-03 06:25:48', '2020-07-03 06:28:28'),
(4, 'a1084752-a3de-45c1-aa05-88c7877fc2d6', 'HEMALATHA', NULL, '', '7989713586', 'TEACHERS', 2, 0, 0, '', '2020-07-03 06:26:08', '2020-07-03 06:28:16'),
(5, 'a966247d-91bf-4f3f-8f6d-ed65f3336cc7', 'SADANA', NULL, '', '7801085365', 'TEACHERS', 2, 0, 0, '', '2020-07-03 06:26:30', '2020-07-03 06:28:04'),
(6, '0456a8fa-9f19-4563-9ec9-44742055399b', 'NARENDER', NULL, '', '9177803917', 'TEACHERS', 2, 0, 0, '', '2020-07-03 06:27:22', '2020-07-03 06:28:46'),
(7, '88c9e561-d0f3-4e02-b8e5-5e14c135378d', 'SUNIL', NULL, '', '9948894589', 'TEACHERS', 2, 0, 0, '', '2020-07-03 06:27:40', '2020-07-03 06:28:57'),
(8, 'aeb907e3-d0d5-4e2b-add9-d1a8e52567da', 'CHITRA', NULL, '', '8106813163', 'TEACHERS', 2, 0, 0, '', '2020-07-03 06:29:47', '2020-07-03 06:29:47'),
(9, '5653ba54-475a-4f57-866b-6969bf8fefc2', 'NIKITHA AGARWAL', NULL, '', '9701726743', 'TEACHERS', 2, 0, 0, '', '2020-07-03 06:30:06', '2020-07-03 06:30:06'),
(10, '27f37df2-ff5f-484d-ac17-467b5b736d86', 'SHIVANI', NULL, '', '9550688007', 'TEACHERS', 2, 0, 0, '', '2020-07-03 06:30:20', '2020-07-03 06:30:20'),
(11, '64c62d65-3b06-425c-9139-2bb7e002b65e', 'NAGA PRAKASH', NULL, '', '7093554051', 'TEACHERS', 2, 0, 0, '', '2020-07-03 06:30:35', '2020-07-03 06:30:35'),
(12, '1ec050cf-3357-4f77-8e1c-40962b8c7fff', 'PRAMOD', NULL, '', '9550241380', 'TEACHERS', 2, 0, 0, '', '2020-07-03 06:30:47', '2020-07-03 06:30:47'),
(13, 'f6faa1c9-6792-47a0-8d21-1ae931decc32', 'N.LAVANYA', NULL, '', '9676349500', 'TEACHERS', 2, 0, 0, '', '2020-07-03 06:31:06', '2020-07-03 06:31:06'),
(14, '839bd6e8-90a2-44a0-aeb2-e655afb18ff1', 'B. SWAPNA', NULL, '', '9849004666', 'TEACHERS', 2, 0, 0, '', '2020-07-03 06:31:27', '2020-07-03 06:31:27'),
(15, '365bf12d-8b19-4a9b-b399-cf9789fa6bd2', 'MANJULA', NULL, '', '9550532423', 'TEACHERS', 2, 0, 0, '', '2020-07-03 06:31:46', '2020-07-03 06:31:46'),
(16, 'bc24cec6-31b8-4e76-b9d5-52c261644715', 'DURGA BHAVANI', NULL, '', '8309594308', 'TEACHERS', 2, 0, 0, '', '2020-07-03 06:32:00', '2020-07-03 06:32:00'),
(17, '467f6b9e-311f-43f7-8745-accf5ea98e72', 'SWATHI', NULL, '', '8919742430', 'TEACHERS', 2, 0, 0, '', '2020-07-03 06:32:18', '2020-07-03 06:32:18'),
(18, '8cae61f9-8c9d-46b7-97a0-bb673b917132', 'M.SWAPNA', NULL, '', '7013511908', 'TEACHERS', 2, 0, 0, '', '2020-07-03 06:32:31', '2020-07-03 06:32:31'),
(19, '1e8945bc-2362-4276-bd0f-41cc39c07b88', 'SAI SREE', NULL, '', '7095378461', 'TEACHERS', 2, 0, 0, '', '2020-07-03 06:32:47', '2020-07-03 06:32:47'),
(20, '0ba1d612-d09b-46d9-acc8-b850c755c0f2', 'UMA SHARMA', NULL, '', '8121300818', 'TEACHERS', 2, 0, 0, '', '2020-07-03 06:34:03', '2020-07-03 06:34:03'),
(21, '899a0665-7bb7-43aa-a493-345869e9332b', 'DEEPTHI', NULL, '', '8143844809', 'TEACHERS', 2, 0, 0, '', '2020-07-03 06:34:16', '2020-07-03 06:34:16'),
(22, 'ec4bce20-b3f7-491f-b1ba-553c80ae3c8a', 'JYOTHI', NULL, '', '9618629991', 'TEACHERS', 2, 0, 0, '', '2020-07-03 06:34:40', '2020-07-03 06:34:40'),
(23, '283f82f9-4174-434d-adee-6e535b02d00c', 'NIKITHA', NULL, '', '6300942857', 'TEACHERS', 2, 0, 0, '', '2020-07-03 06:34:52', '2020-07-03 06:34:52'),
(24, '4663f2fb-9609-464c-8443-9e5721c17f90', 'REKHA', NULL, '', '9985130910', 'TEACHERS', 2, 0, 0, '', '2020-07-03 06:35:03', '2020-07-03 06:35:03'),
(25, 'af1fba54-f4a5-4fa2-bc18-4305f590208a', 'MEENA', NULL, '', '9701569839', 'TEACHERS', 2, 0, 0, '', '2020-07-03 06:35:16', '2020-07-03 06:35:16'),
(26, 'e71543de-7ef8-40af-a597-1ae904dfee74', 'VASUNDARA', NULL, '', '7569836086', 'TEACHERS', 2, 0, 0, '', '2020-07-03 06:35:36', '2020-07-03 06:35:36'),
(27, '4bc763da-6c70-4f22-88f2-e584c5f831bc', 'SUSHEELA BHAVANI', NULL, '', '9182540946', 'TEACHERS', 2, 0, 0, '', '2020-07-03 06:36:00', '2020-07-03 06:36:00'),
(28, 'b62338da-c471-49f4-92fd-1e5251284c18', 'LAXMI', NULL, '', '9676777302', 'TEACHERS', 2, 0, 0, '', '2020-07-03 06:36:33', '2020-07-03 06:36:33'),
(29, '97384190-35d7-443a-9ce2-9fda6fd571f4', 'SAGARIKA', NULL, '', '9704643021', 'TEACHERS', 2, 0, 0, '', '2020-07-03 06:36:51', '2020-07-03 06:36:51'),
(30, '29a528be-d36e-48b5-b030-dea6a991c700', 'ANURADHA', NULL, '', '7095354652', 'TEACHERS', 2, 0, 0, '', '2020-07-03 06:37:11', '2020-07-03 06:37:11'),
(31, '916557df-3cce-4879-aad9-8eff34969df5', 'M.LAVANYA', NULL, '', '6304707989', 'TEACHERS', 2, 0, 0, '', '2020-07-03 06:40:33', '2020-07-03 08:07:32'),
(32, 'af63eeaf-36be-4b12-a55a-81726810d67c', 'MS.KIRANMAYI', NULL, '', '9032767841', 'TEACHERS', 2, 0, 0, '', '2020-07-03 06:40:52', '2020-07-03 06:40:52'),
(33, 'a66d4286-beeb-4b3c-9d6f-8c366e73abcb', 'MS.SHYAMALA', NULL, '', '9052163727', 'TEACHERS', 2, 0, 0, '', '2020-07-03 06:41:12', '2020-07-03 06:41:12'),
(34, '47113c3c-faf3-4b42-b389-11121f4a5228', 'MS.LAXMI PRIYA', NULL, '', '9542629709', 'TEACHERS', 2, 0, 0, '', '2020-07-03 06:41:34', '2020-07-03 06:41:34'),
(35, '921308ff-2444-4adc-9b3f-1e7a6a6d2ec8', 'MS.MANASA', NULL, '', '8639541953', 'TEACHERS', 2, 0, 0, '', '2020-07-03 06:41:53', '2020-07-03 06:41:53'),
(67, '6ffc7ed8-bd3d-11ea-8983-c85b76faef09', 'HARSHIKA', 'RAMA SWAMY', '', '9848612891', 'STUDENTS', 2, 10, 3, '', '2020-07-03 14:56:57', '2020-07-03 14:56:57'),
(68, '70024a71-bd3d-11ea-8983-c85b76faef09', 'B.HARSHITHA', 'NARASIMHA', '', '9390096813', 'STUDENTS', 2, 10, 3, '', '2020-07-03 14:56:57', '2020-07-03 14:56:57'),
(69, '7007c877-bd3d-11ea-8983-c85b76faef09', 'B.PRANAVI', 'B.RAMU', '', '9959188776', 'STUDENTS', 2, 10, 3, '', '2020-07-03 14:56:57', '2020-07-03 14:56:57'),
(70, '700c8ba4-bd3d-11ea-8983-c85b76faef09', 'D.SAI MALLESHWARI', 'D.MAHENDER', '', '9390226152', 'STUDENTS', 2, 10, 3, '', '2020-07-03 14:56:57', '2020-07-03 14:56:57'),
(71, '7011f5d2-bd3d-11ea-8983-c85b76faef09', 'N.ASHWIN', 'N.SURESH KUMAR', '', '9010311115', 'STUDENTS', 2, 10, 3, '', '2020-07-03 14:56:57', '2020-07-03 14:56:57'),
(72, '70169205-bd3d-11ea-8983-c85b76faef09', 'GOVULA HARSHATH', 'G.BALA KRISHNA', '', '9700100366', 'STUDENTS', 2, 10, 3, '', '2020-07-03 14:56:57', '2020-07-03 14:56:57'),
(73, '701c1b9a-bd3d-11ea-8983-c85b76faef09', 'A.MANICHARAN', 'A.KATAM RAJU GOUD', '', '9394259995', 'STUDENTS', 2, 10, 3, '', '2020-07-03 14:56:57', '2020-07-03 14:56:57'),
(74, '702293ee-bd3d-11ea-8983-c85b76faef09', 'MANOJLAL', 'RAMADHAS', '', '9989396063', 'STUDENTS', 2, 10, 3, '', '2020-07-03 14:56:57', '2020-07-03 14:56:57'),
(75, '702d63e1-bd3d-11ea-8983-c85b76faef09', 'PAVAN KUMAR', 'HANUMANTH RAO', '', '9949816527', 'STUDENTS', 2, 10, 3, '', '2020-07-03 14:56:57', '2020-07-03 14:56:57'),
(76, '7033dbf9-bd3d-11ea-8983-c85b76faef09', 'K.PRANITH', 'SRIRAM.K', '', '9014006572', 'STUDENTS', 2, 10, 3, '', '2020-07-03 14:56:58', '2020-07-03 14:56:58'),
(77, '703deb36-bd3d-11ea-8983-c85b76faef09', 'A.RISHI', 'RAJU', '', '9440710411', 'STUDENTS', 2, 10, 3, '', '2020-07-03 14:56:58', '2020-07-03 14:56:58'),
(78, '70429a9f-bd3d-11ea-8983-c85b76faef09', 'SHISHANTH', 'KRISHNA', '', '9553919865', 'STUDENTS', 2, 10, 3, '', '2020-07-03 14:56:58', '2020-07-03 14:56:58'),
(79, '705ad543-bd3d-11ea-8983-c85b76faef09', 'D.S.L.V.N UMESH', 'D.SHIVA KUMAR', '', '9948800020', 'STUDENTS', 2, 10, 3, '', '2020-07-03 14:56:58', '2020-07-03 14:56:58'),
(80, '705f284a-bd3d-11ea-8983-c85b76faef09', 'V.YASHWANTH', 'V.VENU', '', '6303182205', 'STUDENTS', 2, 10, 3, '', '2020-07-03 14:56:58', '2020-07-03 14:56:58'),
(81, '7064b627-bd3d-11ea-8983-c85b76faef09', 'YOGESHWAR CHARY', 'SHASHIDHAR CHARY', '', '8463935272', 'STUDENTS', 2, 10, 3, '', '2020-07-03 14:56:58', '2020-07-03 14:56:58'),
(82, '706f2181-bd3d-11ea-8983-c85b76faef09', 'RASAGNA', 'RAGHAVENDER', '', '9010266635', 'STUDENTS', 2, 10, 3, '', '2020-07-03 14:56:58', '2020-07-03 14:56:58'),
(83, '7073f46d-bd3d-11ea-8983-c85b76faef09', 'M.SONY', 'M.RAMESH', '', '9948773261', 'STUDENTS', 2, 10, 3, '', '2020-07-03 14:56:58', '2020-07-03 14:56:58'),
(84, '70791668-bd3d-11ea-8983-c85b76faef09', 'P.VENNELA', 'P.PRASHANTH', '', '8885757110', 'STUDENTS', 2, 10, 3, '', '2020-07-03 14:56:58', '2020-07-03 14:56:58'),
(85, '707db420-bd3d-11ea-8983-c85b76faef09', 'B.VISHNU PRIYA', 'B. DEVAIAH', '', '7382802043', 'STUDENTS', 2, 10, 3, '', '2020-07-03 14:56:58', '2020-07-03 14:56:58'),
(86, '70832bfa-bd3d-11ea-8983-c85b76faef09', 'N.YASHASRI', 'N.SRIKANTH', '', '9966649288', 'STUDENTS', 2, 10, 3, '', '2020-07-03 14:56:58', '2020-07-03 14:56:58'),
(87, '708ce29c-bd3d-11ea-8983-c85b76faef09', 'U.BHUVANESH', 'U. PRAVEEN', '', '8106140777', 'STUDENTS', 2, 10, 3, '', '2020-07-03 14:56:58', '2020-07-03 14:56:58'),
(88, '7091f962-bd3d-11ea-8983-c85b76faef09', 'A.DEEKSHITH KUMAR', 'A. VIJAY KUMAR', '', '9392949204', 'STUDENTS', 2, 10, 3, '', '2020-07-03 14:56:58', '2020-07-03 14:56:58'),
(89, '709a2db5-bd3d-11ea-8983-c85b76faef09', 'A.GOUTHAM', 'A. DHASHARATH', '', '8341803814', 'STUDENTS', 2, 10, 3, '', '2020-07-03 14:56:58', '2020-07-03 14:56:58'),
(90, '70a221ce-bd3d-11ea-8983-c85b76faef09', 'K.HARSHAVARDHAN', 'K. RAJENDER', '', '9848199587', 'STUDENTS', 2, 10, 3, '', '2020-07-03 14:56:58', '2020-07-03 14:56:58'),
(91, '70a6417c-bd3d-11ea-8983-c85b76faef09', 'U.KOUSHAL', 'PRAVEEN', '', '9963488808', 'STUDENTS', 2, 10, 3, '', '2020-07-03 14:56:58', '2020-07-03 14:56:58'),
(92, '70abe39f-bd3d-11ea-8983-c85b76faef09', 'B.KARTHIK', 'B.KRISHNAIAH', '', '9440589803', 'STUDENTS', 2, 10, 3, '', '2020-07-03 14:56:58', '2020-07-03 14:56:58'),
(93, '70b07c92-bd3d-11ea-8983-c85b76faef09', 'N.NIHAL TEJ', 'N.BALAJI', '', '8143284846', 'STUDENTS', 2, 10, 3, '', '2020-07-03 14:56:58', '2020-07-03 14:56:58'),
(94, '70b603ff-bd3d-11ea-8983-c85b76faef09', 'B.NANDEESH', 'B. VENKATESH', '', '9948742953', 'STUDENTS', 2, 10, 3, '', '2020-07-03 14:56:58', '2020-07-03 14:56:58'),
(95, '70ba8789-bd3d-11ea-8983-c85b76faef09', 'K.RISHI', 'K.yadagiri', '', '9000543375', 'STUDENTS', 2, 10, 3, '', '2020-07-03 14:56:58', '2020-07-03 14:56:58'),
(96, '70c55908-bd3d-11ea-8983-c85b76faef09', 'M.RISHIKESH', 'M.KRISHNAIAH', '', '9959320242', 'STUDENTS', 2, 10, 3, '', '2020-07-03 14:56:58', '2020-07-03 14:56:58'),
(97, '70c9be48-bd3d-11ea-8983-c85b76faef09', 'P.MOKSHITH GOUD', 'P.VENKATESH GOUD', '', '9949139179', 'STUDENTS', 2, 10, 3, '', '2020-07-03 14:56:58', '2020-07-03 14:56:58'),
(98, 'b21965d7-bd3d-11ea-8983-c85b76faef09', 'G AKSHARA', 'G SHIVA KUMAR', '', '9701111746', 'STUDENTS', 2, 10, 4, '', '2020-07-03 14:58:48', '2020-07-03 14:58:48'),
(99, 'b2217a5c-bd3d-11ea-8983-c85b76faef09', 'K ARUSHI RATHOD', 'K SHANKAER NAIK', '', '9640221708', 'STUDENTS', 2, 10, 4, '', '2020-07-03 14:58:48', '2020-07-03 14:58:48'),
(100, 'b22614c8-bd3d-11ea-8983-c85b76faef09', 'G AVANTHIKA', 'G VENKATESH', '', '9381097570', 'STUDENTS', 2, 10, 4, '', '2020-07-03 14:58:48', '2020-07-03 14:58:48'),
(101, 'b22ba22f-bd3d-11ea-8983-c85b76faef09', 'S CHITHRA', 'S.RAMESH', '', '9603726146', 'STUDENTS', 2, 10, 4, '', '2020-07-03 14:58:48', '2020-07-03 14:58:48'),
(102, 'b23041c8-bd3d-11ea-8983-c85b76faef09', 'CH.HASINI', 'CH.KAMALAKAR REDDY', '', '7675872969', 'STUDENTS', 2, 10, 4, '', '2020-07-03 14:58:48', '2020-07-03 14:58:48'),
(103, 'b2393ab2-bd3d-11ea-8983-c85b76faef09', 'G LIKITHA SIRI', 'G JAGAN', '', '9700442104', 'STUDENTS', 2, 10, 4, '', '2020-07-03 14:58:48', '2020-07-03 14:58:48'),
(104, 'b23de1be-bd3d-11ea-8983-c85b76faef09', 'P NEHA', 'P KIRAN KUMAR', '', '9160515148', 'STUDENTS', 2, 10, 4, '', '2020-07-03 14:58:48', '2020-07-03 14:58:48'),
(105, 'b2435deb-bd3d-11ea-8983-c85b76faef09', 'M NETRA SRI', 'M LAXMA REDDY', '', '9700144184', 'STUDENTS', 2, 10, 4, '', '2020-07-03 14:58:48', '2020-07-03 14:58:48'),
(106, 'b247f1ae-bd3d-11ea-8983-c85b76faef09', 'K.NIKITHA', 'K.LAXMAN', '', '7702187533', 'STUDENTS', 2, 10, 4, '', '2020-07-03 14:58:48', '2020-07-03 14:58:48'),
(107, 'b24f611c-bd3d-11ea-8983-c85b76faef09', 'G PRANITHA', 'G YESAIAH', '', '8187816918', 'STUDENTS', 2, 10, 4, '', '2020-07-03 14:58:48', '2020-07-03 14:58:48'),
(108, 'b26e0aa7-bd3d-11ea-8983-c85b76faef09', 'B. SAHETHIKA', 'B.NAGESHWARA RAO', '', '7702683371', 'STUDENTS', 2, 10, 4, '', '2020-07-03 14:58:49', '2020-07-03 14:58:49'),
(109, 'b2724002-bd3d-11ea-8983-c85b76faef09', 'N.SHIRISHA', 'N.KRISHNA', '', '7569858775', 'STUDENTS', 2, 10, 4, '', '2020-07-03 14:58:49', '2020-07-03 14:58:49'),
(110, 'b279902e-bd3d-11ea-8983-c85b76faef09', 'VARSHINI', 'RAJU GOUD', '', '9676948961', 'STUDENTS', 2, 10, 4, '', '2020-07-03 14:58:49', '2020-07-03 14:58:49'),
(111, 'b283e41d-bd3d-11ea-8983-c85b76faef09', 'R.YOKSHA', 'R.SAMPATH', '', '9618865147', 'STUDENTS', 2, 10, 4, '', '2020-07-03 14:58:49', '2020-07-03 14:58:49'),
(112, 'b28c051c-bd3d-11ea-8983-c85b76faef09', 'P. ANIKET', 'P.NARESH', '', '9908669596', 'STUDENTS', 2, 10, 4, '', '2020-07-03 14:58:49', '2020-07-03 14:58:49'),
(113, 'b29612a6-bd3d-11ea-8983-c85b76faef09', 'K.BRUHATH', 'K.NARESH', '', '9492932647', 'STUDENTS', 2, 10, 4, '', '2020-07-03 14:58:49', '2020-07-03 14:58:49'),
(114, 'b29b3358-bd3d-11ea-8983-c85b76faef09', 'B.KARTHIKEYA SAMEER', 'B.V.SANTHOSH KUMAR', '', '9951537089', 'STUDENTS', 2, 10, 4, '', '2020-07-03 14:58:49', '2020-07-03 14:58:49'),
(115, 'b2a55451-bd3d-11ea-8983-c85b76faef09', 'ARPULA MANICHARAN', 'A.NAGESH', '', '9908833435', 'STUDENTS', 2, 10, 4, '', '2020-07-03 14:58:49', '2020-07-03 14:58:49'),
(116, 'b2aa2886-bd3d-11ea-8983-c85b76faef09', 'P.RAJ KUMAR', 'P NAGABHADRAM', '', '9346820874', 'STUDENTS', 2, 10, 4, '', '2020-07-03 14:58:49', '2020-07-03 14:58:49'),
(117, 'b2b04e0b-bd3d-11ea-8983-c85b76faef09', 'V.SAI KARTHIKEYA', 'RAJITHA', '', '8182351260', 'STUDENTS', 2, 10, 4, '', '2020-07-03 14:58:49', '2020-07-03 14:58:49'),
(118, 'b2b633c1-bd3d-11ea-8983-c85b76faef09', 'P.SAI SAHAS', 'P.SAI SATEESH', '', '8247686636', 'STUDENTS', 2, 10, 4, '', '2020-07-03 14:58:49', '2020-07-03 14:58:49'),
(119, 'b2bad334-bd3d-11ea-8983-c85b76faef09', 'K.SHASHIVARDHAN', 'K.SHIVA RAJ', '', '9390085558', 'STUDENTS', 2, 10, 4, '', '2020-07-03 14:58:49', '2020-07-03 14:58:49'),
(120, 'b2c042b1-bd3d-11ea-8983-c85b76faef09', 'SHIVARANJAN', 'MANOJ KUMAR', '', '8897236423', 'STUDENTS', 2, 10, 4, '', '2020-07-03 14:58:49', '2020-07-03 14:58:49'),
(121, 'b2c4dd24-bd3d-11ea-8983-c85b76faef09', 'T.SHIVA VARDHAN CHARY', 'T.VENKATESH CHARY', '', '7013789249', 'STUDENTS', 2, 10, 4, '', '2020-07-03 14:58:49', '2020-07-03 14:58:49'),
(122, 'b2ca64fe-bd3d-11ea-8983-c85b76faef09', 'BANAVATH SREENITH', 'B AMRU', '', '9010551332', 'STUDENTS', 2, 10, 4, '', '2020-07-03 14:58:49', '2020-07-03 14:58:49'),
(123, 'b2cf0528-bd3d-11ea-8983-c85b76faef09', 'VIVEK ', 'DINESH KUMAR', '', '6300189612', 'STUDENTS', 2, 10, 4, '', '2020-07-03 14:58:49', '2020-07-03 14:58:49'),
(124, 'b2d7fd74-bd3d-11ea-8983-c85b76faef09', 'G.BHAVISHYA', 'G.SRINU', '', '8367730103', 'STUDENTS', 2, 10, 4, '', '2020-07-03 14:58:49', '2020-07-03 14:58:49'),
(125, 'b2dcc80b-bd3d-11ea-8983-c85b76faef09', 'CHAITHANYA SREE', 'M.RAMESH', '', '9912302466', 'STUDENTS', 2, 10, 4, '', '2020-07-03 14:58:49', '2020-07-03 14:58:49'),
(126, 'b2e2206e-bd3d-11ea-8983-c85b76faef09', 'ALOK KUMAR', 'ARBIND KUMAR', '', '8078671643', 'STUDENTS', 2, 10, 4, '', '2020-07-03 14:58:49', '2020-07-03 14:58:49'),
(127, 'b2e730bc-bd3d-11ea-8983-c85b76faef09', 'V.CHETHAN', 'V.ASHOK', '', '9533711952', 'STUDENTS', 2, 10, 4, '', '2020-07-03 14:58:49', '2020-07-03 14:58:49'),
(128, 'e0b4c93a-bd3d-11ea-8983-c85b76faef09', 'K.AMULYA', 'K.TIRUPATHI SWAMY', '', '8184847407', 'STUDENTS', 2, 10, 2, '', '2020-07-03 15:00:06', '2020-07-03 15:00:06'),
(129, 'e0bb5ba7-bd3d-11ea-8983-c85b76faef09', 'U.DIVYA SREE', 'U.SRINIVASULU', '', '6281873262', 'STUDENTS', 2, 10, 2, '', '2020-07-03 15:00:06', '2020-07-03 15:00:06'),
(130, 'e0c0f55f-bd3d-11ea-8983-c85b76faef09', 'E.GEERAVANI', 'E.LASKER', '', '9666160926', 'STUDENTS', 2, 10, 2, '', '2020-07-03 15:00:06', '2020-07-03 15:00:06'),
(131, 'e0c59148-bd3d-11ea-8983-c85b76faef09', 'P.LASHRITHA', 'BAHAR SINGH', '', '7702623745', 'STUDENTS', 2, 10, 2, '', '2020-07-03 15:00:06', '2020-07-03 15:00:06'),
(132, 'e0cb293e-bd3d-11ea-8983-c85b76faef09', 'D.PRANAVI', 'D.RAMESH', '', '9505757870', 'STUDENTS', 2, 10, 2, '', '2020-07-03 15:00:06', '2020-07-03 15:00:06'),
(133, 'e0cfb4e7-bd3d-11ea-8983-c85b76faef09', 'K.PRANAVI', 'K.RAVINDER GOUD', '', '9666628901', 'STUDENTS', 2, 10, 2, '', '2020-07-03 15:00:06', '2020-07-03 15:00:06'),
(134, 'e0d8996d-bd3d-11ea-8983-c85b76faef09', 'Y.SAI RUSHIKA', 'Y.RUKMA REDDY', '', '9652414933', 'STUDENTS', 2, 10, 2, '', '2020-07-03 15:00:06', '2020-07-03 15:00:06'),
(135, 'e0e25525-bd3d-11ea-8983-c85b76faef09', 'G.SHANMUKA PRIYA', 'GOURA.SRINIVAS', '', '9959352360', 'STUDENTS', 2, 10, 2, '', '2020-07-03 15:00:07', '2020-07-03 15:00:07'),
(136, 'e0e7d21e-bd3d-11ea-8983-c85b76faef09', 'T.SAMHITHA', 'T.MAHENDAR REDDY', '', '9849539099', 'STUDENTS', 2, 10, 2, '', '2020-07-03 15:00:07', '2020-07-03 15:00:07'),
(137, 'e0ec7865-bd3d-11ea-8983-c85b76faef09', 'N.SRI NITHYA', 'N.GOPI', '', '9010870779', 'STUDENTS', 2, 10, 2, '', '2020-07-03 15:00:07', '2020-07-03 15:00:07'),
(138, 'e0f1ebb3-bd3d-11ea-8983-c85b76faef09', 'M.VERONICA CHAWAN', 'M.THIRUPATHI', '', '9121204497', 'STUDENTS', 2, 10, 2, '', '2020-07-03 15:00:07', '2020-07-03 15:00:07'),
(139, 'e0f6899e-bd3d-11ea-8983-c85b76faef09', 'GANTALA.BUNNY CHAWAN', 'GANTALA BALU', '', '9603412393', 'STUDENTS', 2, 10, 2, '', '2020-07-03 15:00:07', '2020-07-03 15:00:07'),
(140, 'e0fc128b-bd3d-11ea-8983-c85b76faef09', 'J.VS CHETHAN KRISHNA', 'J.KASI KRISHNA RAO', '', '8374733497', 'STUDENTS', 2, 10, 2, '', '2020-07-03 15:00:07', '2020-07-03 15:00:07'),
(141, 'e10653c3-bd3d-11ea-8983-c85b76faef09', 'J.GOWTHAM', 'J.DEVENDER', '', '9949694958', 'STUDENTS', 2, 10, 2, '', '2020-07-03 15:00:07', '2020-07-03 15:00:07'),
(142, 'e10cfb5c-bd3d-11ea-8983-c85b76faef09', 'T.HARSHITH KARUNYA', 'T.RAM BABU', '', '9989194886', 'STUDENTS', 2, 10, 2, '', '2020-07-03 15:00:07', '2020-07-03 15:00:07'),
(143, 'e124148d-bd3d-11ea-8983-c85b76faef09', 'P.SHAM KUMAR', 'P.SOMNADH NABADRAM', '', '9666368413', 'STUDENTS', 2, 10, 2, '', '2020-07-03 15:00:07', '2020-07-03 15:00:07'),
(144, 'e13782b2-bd3d-11ea-8983-c85b76faef09', 'J.KARTHIKEYA', 'J.SANTOSH', '', '9010301458', 'STUDENTS', 2, 10, 2, '', '2020-07-03 15:00:07', '2020-07-03 15:00:07'),
(146, 'e1430a6c-bd3d-11ea-8983-c85b76faef09', 'R.RITHVIK', 'R.BALA RAJU', '', '9640018266', 'STUDENTS', 2, 10, 2, '', '2020-07-03 15:00:07', '2020-07-03 15:00:07'),
(147, 'e14bdbe4-bd3d-11ea-8983-c85b76faef09', 'K.SATHWIK SAGAR', 'K.SRINIVAS', '', '8008998929', 'STUDENTS', 2, 10, 2, '', '2020-07-03 15:00:07', '2020-07-03 15:00:07'),
(148, 'e14fec76-bd3d-11ea-8983-c85b76faef09', 'M SHYAM SUNDAR', 'M.THIRUPATHI', '', '9550384999', 'STUDENTS', 2, 10, 2, '', '2020-07-03 15:00:07', '2020-07-03 15:00:07'),
(149, 'e1559b52-bd3d-11ea-8983-c85b76faef09', 'B.VENKATA RAMANA', 'B.RAMU', '', '9381520207', 'STUDENTS', 2, 10, 2, '', '2020-07-03 15:00:07', '2020-07-03 15:00:07'),
(150, 'e15a29a0-bd3d-11ea-8983-c85b76faef09', 'V.CHANDAN SREE', 'V.JANGAIAH', '', '9866672570', 'STUDENTS', 2, 10, 2, '', '2020-07-03 15:00:07', '2020-07-03 15:00:07'),
(151, 'e15fda96-bd3d-11ea-8983-c85b76faef09', 'B.PRANUSHA SREE', 'B. SRINIVAS', '', '9912346720', 'STUDENTS', 2, 10, 2, '', '2020-07-03 15:00:07', '2020-07-03 15:00:07'),
(152, 'e164557b-bd3d-11ea-8983-c85b76faef09', 'CH.RITHEKA', 'CH. ESHWAR', '', '9948951457', 'STUDENTS', 2, 10, 2, '', '2020-07-03 15:00:07', '2020-07-03 15:00:07'),
(153, 'e16a4e94-bd3d-11ea-8983-c85b76faef09', 'M.RISHITHA', 'M.SHIVA', '', '7032250503', 'STUDENTS', 2, 10, 2, '', '2020-07-03 15:00:07', '2020-07-03 15:00:07'),
(154, 'e172613a-bd3d-11ea-8983-c85b76faef09', 'B.RISHIKA', 'B. SUDHAKAR REDDY', '', '8978664143', 'STUDENTS', 2, 10, 2, '', '2020-07-03 15:00:08', '2020-07-03 15:00:08'),
(155, 'e176f9cc-bd3d-11ea-8983-c85b76faef09', 'M.SUSHANTH', 'M.SHIVA KUMAR', '', '9393669782', 'STUDENTS', 2, 10, 2, '', '2020-07-03 15:00:08', '2020-07-03 15:00:08'),
(156, 'e17c7bee-bd3d-11ea-8983-c85b76faef09', 'SAKETH GOUD', 'VEERASWAMY GOUD', '', '9849250639', 'STUDENTS', 2, 10, 2, '', '2020-07-03 15:00:08', '2020-07-03 15:00:08'),
(157, 'e18120ac-bd3d-11ea-8983-c85b76faef09', 'K.SANTHOSH', 'K.PANTHU', '', '9603938063', 'STUDENTS', 2, 10, 2, '', '2020-07-03 15:00:08', '2020-07-03 15:00:08'),
(158, 'e186af4b-bd3d-11ea-8983-c85b76faef09', 'J.VARSHITH', 'J. SAI KUMAR', '', '9010487918', 'STUDENTS', 2, 10, 2, '', '2020-07-03 15:00:08', '2020-07-03 15:00:08'),
(159, 'e18b541c-bd3d-11ea-8983-c85b76faef09', 'N.VIVEK', 'N.SHANKAR', '', '9912308532', 'STUDENTS', 2, 10, 2, '', '2020-07-03 15:00:08', '2020-07-03 15:00:08'),
(160, '441264d8-bd3e-11ea-8983-c85b76faef09', 'B.BHAVYA SRI', 'B.ANJANEYULU', '', '7997073253', 'STUDENTS', 2, 9, 6, '', '2020-07-03 15:02:53', '2020-07-03 15:02:53'),
(161, '441a2f2f-bd3e-11ea-8983-c85b76faef09', 'G.AKSHARA', 'KANNAIAH', '', '9849467500', 'STUDENTS', 2, 9, 6, '', '2020-07-03 15:02:53', '2020-07-03 15:02:53'),
(162, '441ebb35-bd3e-11ea-8983-c85b76faef09', 'D.BHAVANI', 'D.SRINIVAS', '', '6302442968', 'STUDENTS', 2, 9, 6, '', '2020-07-03 15:02:53', '2020-07-03 15:02:53'),
(163, '4424541e-bd3e-11ea-8983-c85b76faef09', 'P.DEEKSHITHA', 'P.RAMAKRISHNA', '', '9963245994', 'STUDENTS', 2, 9, 6, '', '2020-07-03 15:02:53', '2020-07-03 15:02:53'),
(164, '4428edb6-bd3e-11ea-8983-c85b76faef09', 'J.NEHA', 'J.RAMREDDY', '', '8686757988', 'STUDENTS', 2, 9, 6, '', '2020-07-03 15:02:53', '2020-07-03 15:02:53'),
(165, '442fe62b-bd3e-11ea-8983-c85b76faef09', 'J.POOJA', 'J.HANUMANTHU', '', '7893989948', 'STUDENTS', 2, 9, 6, '', '2020-07-03 15:02:53', '2020-07-03 15:02:53'),
(166, '443a5eee-bd3e-11ea-8983-c85b76faef09', 'S.PREETHIKA', 'S.RAJU NAIK', '', '9701897113', 'STUDENTS', 2, 9, 6, '', '2020-07-03 15:02:53', '2020-07-03 15:02:53'),
(167, '443f468a-bd3e-11ea-8983-c85b76faef09', 'B.SAHASRA', 'B.RAGHAVENDRA SWAMY', '', '9885589966', 'STUDENTS', 2, 9, 6, '', '2020-07-03 15:02:53', '2020-07-03 15:02:53'),
(168, '44448840-bd3e-11ea-8983-c85b76faef09', 'P.SRINISHTA', 'P.RAMESH', '', '8106213442', 'STUDENTS', 2, 9, 6, '', '2020-07-03 15:02:53', '2020-07-03 15:02:53'),
(169, '444cdfd7-bd3e-11ea-8983-c85b76faef09', 'V.VARSHITHA', 'V.MOTHILAL', '', '9848671774', 'STUDENTS', 2, 9, 6, '', '2020-07-03 15:02:53', '2020-07-03 15:02:53'),
(170, '445fb132-bd3e-11ea-8983-c85b76faef09', 'J.VARSHITHA', 'J.GUNDYA', '', '9701575733', 'STUDENTS', 2, 9, 6, '', '2020-07-03 15:02:53', '2020-07-03 15:02:53'),
(171, '44680a5b-bd3e-11ea-8983-c85b76faef09', 'B.AVINASH', 'B.SHEKAR', '', '9603404188', 'STUDENTS', 2, 9, 6, '', '2020-07-03 15:02:54', '2020-07-03 15:02:54'),
(172, '4472740a-bd3e-11ea-8983-c85b76faef09', 'P.DRUVA', 'P.YADAGIRI', '', '8498084783', 'STUDENTS', 2, 9, 6, '', '2020-07-03 15:02:54', '2020-07-03 15:02:54'),
(173, '44783bf1-bd3e-11ea-8983-c85b76faef09', 'GOURAV JADHAV', 'KISHORE JADHAV', '', '6302154439', 'STUDENTS', 2, 9, 6, '', '2020-07-03 15:02:54', '2020-07-03 15:02:54'),
(174, '447e10f2-bd3e-11ea-8983-c85b76faef09', 'B.HARSHAVARDHAN', 'B.MADHAVA RAO', '', '9346995064', 'STUDENTS', 2, 9, 6, '', '2020-07-03 15:02:54', '2020-07-03 15:02:54'),
(175, '448651e7-bd3e-11ea-8983-c85b76faef09', 'G.JASHWANTH', 'G.BALAKRIHSHNA', '', '9603121999', 'STUDENTS', 2, 9, 6, '', '2020-07-03 15:02:54', '2020-07-03 15:02:54'),
(176, '448b122f-bd3e-11ea-8983-c85b76faef09', 'V.KARTHIKEYA', 'V.NAGESHWAR GUPTHA', '', '7799861394', 'STUDENTS', 2, 9, 6, '', '2020-07-03 15:02:54', '2020-07-03 15:02:54'),
(178, '44b4354b-bd3e-11ea-8983-c85b76faef09', 'B.LOVEKITH REDDY', 'B.KIRAN KUMAR', '', '7893517324', 'STUDENTS', 2, 9, 6, '', '2020-07-03 15:02:54', '2020-07-03 15:02:54'),
(179, '44baad34-bd3e-11ea-8983-c85b76faef09', 'V.NANDESHWAR', 'V.ASHOK', '', '8790761252', 'STUDENTS', 2, 9, 6, '', '2020-07-03 15:02:54', '2020-07-03 15:02:54'),
(180, '44bf3e89-bd3e-11ea-8983-c85b76faef09', 'K.NATHAN SREE', 'V.VENUGOPAL', '', '9100586859', 'STUDENTS', 2, 9, 6, '', '2020-07-03 15:02:54', '2020-07-03 15:02:54'),
(181, '44c4e017-bd3e-11ea-8983-c85b76faef09', 'A.RAKSHITH', 'A.SRINIVAS', '', '8186867088', 'STUDENTS', 2, 9, 6, '', '2020-07-03 15:02:54', '2020-07-03 15:02:54'),
(182, '44c9632c-bd3e-11ea-8983-c85b76faef09', 'M.NANDAN', 'M.YADAIAH', '', '9440864970', 'STUDENTS', 2, 9, 6, '', '2020-07-03 15:02:54', '2020-07-03 15:02:54'),
(183, '44d26c5c-bd3e-11ea-8983-c85b76faef09', 'K.SAI CHARAN', 'K.RAJU', '', '9908585645', 'STUDENTS', 2, 9, 6, '', '2020-07-03 15:02:54', '2020-07-03 15:02:54'),
(184, '44d72162-bd3e-11ea-8983-c85b76faef09', 'M.SHASHANTH', 'M.YADAGIRI', '', '8340970754', 'STUDENTS', 2, 9, 6, '', '2020-07-03 15:02:54', '2020-07-03 15:02:54'),
(185, '44dc7f1d-bd3e-11ea-8983-c85b76faef09', 'DOLA SHARANTEJA', 'DOLA SRINIVAS RAO', '', '9700181813', 'STUDENTS', 2, 9, 6, '', '2020-07-03 15:02:54', '2020-07-03 15:02:54'),
(186, '44e143eb-bd3e-11ea-8983-c85b76faef09', 'A.SHASHANTH', 'A.KRISHNA', '', '6301209639', 'STUDENTS', 2, 9, 6, '', '2020-07-03 15:02:54', '2020-07-03 15:02:54'),
(187, '44fa590b-bd3e-11ea-8983-c85b76faef09', 'SANJITH', 'NARESH YADAV', '', '8688883913', 'STUDENTS', 2, 9, 6, '', '2020-07-03 15:02:54', '2020-07-03 15:02:54'),
(188, '4501a82b-bd3e-11ea-8983-c85b76faef09', 'P.SREEMAN', 'P.RAJU', '', '9701449849', 'STUDENTS', 2, 9, 6, '', '2020-07-03 15:02:55', '2020-07-03 15:02:55'),
(189, '45064924-bd3e-11ea-8983-c85b76faef09', 'Y.SUHAS KUMAR', 'Y.JEEVANKUMAR', '', '9000411340', 'STUDENTS', 2, 9, 6, '', '2020-07-03 15:02:55', '2020-07-03 15:02:55'),
(190, '450be371-bd3e-11ea-8983-c85b76faef09', 'SUNIL', 'RAVI', '', '9010320893', 'STUDENTS', 2, 9, 6, '', '2020-07-03 15:02:55', '2020-07-03 15:02:55'),
(191, '4512cd6b-bd3e-11ea-8983-c85b76faef09', 'R.VIKRAM', 'R.SRINIVAS', '', '9948607738', 'STUDENTS', 2, 9, 6, '', '2020-07-03 15:02:55', '2020-07-03 15:02:55'),
(192, '45170673-bd3e-11ea-8983-c85b76faef09', 'B.YASHWANTH', 'B.SRINIVAS', '', '9346818113', 'STUDENTS', 2, 9, 6, '', '2020-07-03 15:02:55', '2020-07-03 15:02:55'),
(193, '451cae0c-bd3e-11ea-8983-c85b76faef09', 'K.SANTHOSH', 'K.SARDAR', '', '9491340554', 'STUDENTS', 2, 9, 6, '', '2020-07-03 15:02:55', '2020-07-03 15:02:55'),
(194, 'af1eab8b-bd3e-11ea-8983-c85b76faef09', 'M.AKSHARA', 'M.SHEKAR GOUD ', '', '8096699289', 'STUDENTS', 2, 9, 8, '', '2020-07-03 15:05:53', '2020-07-03 15:05:53'),
(195, 'af27bd7c-bd3e-11ea-8983-c85b76faef09', 'B.AKSHAYA', 'B.RAJESH KUMAR', '', '9290611307', 'STUDENTS', 2, 9, 8, '', '2020-07-03 15:05:53', '2020-07-03 15:05:53'),
(196, 'af2f13f3-bd3e-11ea-8983-c85b76faef09', 'R.DHARANI', 'R.VENU CHARY', '', '9848684826', 'STUDENTS', 2, 9, 8, '', '2020-07-03 15:05:53', '2020-07-03 15:05:53'),
(197, 'af3c8d33-bd3e-11ea-8983-c85b76faef09', 'M.GAYATHRI', 'M.SRINIVAS', '', '9948933682', 'STUDENTS', 2, 9, 8, '', '2020-07-03 15:05:53', '2020-07-03 15:05:53'),
(198, 'af493c8a-bd3e-11ea-8983-c85b76faef09', 'V.HANIKSHA REDDY', 'V.RANGA REDDY', '', '7032056550', 'STUDENTS', 2, 9, 8, '', '2020-07-03 15:05:53', '2020-07-03 15:05:53'),
(199, 'af6cfdf9-bd3e-11ea-8983-c85b76faef09', 'R.INDU', 'R.RAMESH', '', '9948645219', 'STUDENTS', 2, 9, 8, '', '2020-07-03 15:05:53', '2020-07-03 15:05:53'),
(200, 'af72bc66-bd3e-11ea-8983-c85b76faef09', 'G.JOYCE MARY', 'G.KIRAN KUMAR', '', '9542636877', 'STUDENTS', 2, 9, 8, '', '2020-07-03 15:05:53', '2020-07-03 15:05:53'),
(201, 'af773392-bd3e-11ea-8983-c85b76faef09', 'K.KRUTHIKA', 'K.VISHNU MOHAN RAO', '', '9701820299', 'STUDENTS', 2, 9, 8, '', '2020-07-03 15:05:53', '2020-07-03 15:05:53'),
(203, 'af86e868-bd3e-11ea-8983-c85b76faef09', 'B.LOUKYA', 'B.NARSIMHA CHARY', '', '7729020579', 'STUDENTS', 2, 9, 8, '', '2020-07-03 15:05:53', '2020-07-03 15:05:53'),
(204, 'af8ecfa5-bd3e-11ea-8983-c85b76faef09', 'G.PRANATHI', 'G.JETHEENDER YADAV', '', '9959100755', 'STUDENTS', 2, 9, 8, '', '2020-07-03 15:05:53', '2020-07-03 15:05:53'),
(205, 'af949927-bd3e-11ea-8983-c85b76faef09', 'G.SAMEEKSHA', 'G.SATISH KUMAR', '', '8179882781', 'STUDENTS', 2, 9, 8, '', '2020-07-03 15:05:53', '2020-07-03 15:05:53'),
(206, 'af9aafc4-bd3e-11ea-8983-c85b76faef09', 'P.SHANVI SREE REDDY', 'P.RAKESH REDDY', '', '9441006756', 'STUDENTS', 2, 9, 8, '', '2020-07-03 15:05:53', '2020-07-03 15:05:53'),
(207, 'afa04d3b-bd3e-11ea-8983-c85b76faef09', 'B.SUDEEPTHI', 'B.SUBHA RAMARAJU', '', '8886222072', 'STUDENTS', 2, 9, 8, '', '2020-07-03 15:05:53', '2020-07-03 15:05:53'),
(208, 'afa6a87d-bd3e-11ea-8983-c85b76faef09', 'P.VARSHINI', 'P.SHASHIKANTH', '', '7989510486', 'STUDENTS', 2, 9, 8, '', '2020-07-03 15:05:53', '2020-07-03 15:05:53'),
(209, 'afac35a2-bd3e-11ea-8983-c85b76faef09', 'G.BHARAT SURYA', 'G.SRINIVAS', '', '9885237704', 'STUDENTS', 2, 9, 8, '', '2020-07-03 15:05:53', '2020-07-03 15:05:53'),
(211, 'afbb0d7d-bd3e-11ea-8983-c85b76faef09', 'S.DEEKSHITH', 'S.NARESH', '', '8498000727', 'STUDENTS', 2, 9, 8, '', '2020-07-03 15:05:54', '2020-07-03 15:05:54'),
(212, 'afc05eec-bd3e-11ea-8983-c85b76faef09', 'CH.DAMODHAR', 'CH.SURESH BABU', '', '8142038888', 'STUDENTS', 2, 9, 8, '', '2020-07-03 15:05:54', '2020-07-03 15:05:54'),
(213, 'afc4ee64-bd3e-11ea-8983-c85b76faef09', 'N.GOUTHAM', 'N.MAHESH', '', '9502013108', 'STUDENTS', 2, 9, 8, '', '2020-07-03 15:05:54', '2020-07-03 15:05:54'),
(215, 'afd2e17c-bd3e-11ea-8983-c85b76faef09', 'M.JAGADISH', 'M.LALU', '', '9989562391', 'STUDENTS', 2, 9, 8, '', '2020-07-03 15:05:54', '2020-07-03 15:05:54'),
(216, 'afd99782-bd3e-11ea-8983-c85b76faef09', 'G.JESON SURYA', 'G.PRAKASH', '', '9948256659', 'STUDENTS', 2, 9, 8, '', '2020-07-03 15:05:54', '2020-07-03 15:05:54'),
(217, 'afde205c-bd3e-11ea-8983-c85b76faef09', 'D.KUNDAN', 'BALA RAJ MUDHIRAJ', '', '9030572586', 'STUDENTS', 2, 9, 8, '', '2020-07-03 15:05:54', '2020-07-03 15:05:54'),
(218, 'afe3bf88-bd3e-11ea-8983-c85b76faef09', 'M.PAVAN RAMCHARAN', 'M.CHINA KOTAIAH', '', '9849556651', 'STUDENTS', 2, 9, 8, '', '2020-07-03 15:05:54', '2020-07-03 15:05:54'),
(219, 'aff78798-bd3e-11ea-8983-c85b76faef09', 'N.RAM CHARAN', 'N.VENKATESHWARLU', '', '9963437115', 'STUDENTS', 2, 9, 8, '', '2020-07-03 15:05:54', '2020-07-03 15:05:54'),
(220, 'b003efdc-bd3e-11ea-8983-c85b76faef09', 'B.SAI UJWAL REDDY', 'B.SRINIVAS REDDY', '', '8008327327', 'STUDENTS', 2, 9, 8, '', '2020-07-03 15:05:54', '2020-07-03 15:05:54'),
(221, 'b0087b8b-bd3e-11ea-8983-c85b76faef09', 'M.SHASHANTH KUMAR', 'M.PAVAN KUMAR', '', '9000701816', 'STUDENTS', 2, 9, 8, '', '2020-07-03 15:05:54', '2020-07-03 15:05:54'),
(222, 'b00e0f31-bd3e-11ea-8983-c85b76faef09', 'M.SHIVA SAI RAM', 'M.MALLAIAH', '', '9652089428', 'STUDENTS', 2, 9, 8, '', '2020-07-03 15:05:54', '2020-07-03 15:05:54'),
(223, 'b0128ebf-bd3e-11ea-8983-c85b76faef09', 'J.SUMANTH', 'J.BALA SWAMY', '', '9959053050', 'STUDENTS', 2, 9, 8, '', '2020-07-03 15:05:54', '2020-07-03 15:05:54'),
(224, 'b0183bf1-bd3e-11ea-8983-c85b76faef09', 'K.THARUN', 'K.PANTHULA', '', '9908691693', 'STUDENTS', 2, 9, 8, '', '2020-07-03 15:05:54', '2020-07-03 15:05:54'),
(225, 'b01cae35-bd3e-11ea-8983-c85b76faef09', 'V.YESHWANTH', 'V.NARSIMHA', '', '9912990146', 'STUDENTS', 2, 9, 8, '', '2020-07-03 15:05:54', '2020-07-03 15:05:54'),
(226, '0507c03b-bd3f-11ea-8983-c85b76faef09', 'A.AKSHAYA', 'A.SRINIVAS', '', '7659963852', 'STUDENTS', 2, 8, 10, '', '2020-07-03 15:08:17', '2020-07-03 15:08:17'),
(227, '05152989-bd3f-11ea-8983-c85b76faef09', 'CH.DHAKSHA', 'CH.MALLAREDDY', '', '9550573552', 'STUDENTS', 2, 8, 10, '', '2020-07-03 15:08:17', '2020-07-03 15:08:17'),
(228, '051d2289-bd3f-11ea-8983-c85b76faef09', 'G.HIRANYA YADAV', 'G.RAMESH YADAV', '', '9347320456', 'STUDENTS', 2, 8, 10, '', '2020-07-03 15:08:17', '2020-07-03 15:08:17'),
(230, '05286d44-bd3f-11ea-8983-c85b76faef09', 'ACHINA. KEERTHANA', 'ACHINA. SRINIVAS', '', '9059839020', 'STUDENTS', 2, 8, 10, '', '2020-07-03 15:08:17', '2020-07-03 15:08:17'),
(231, '052ea1be-bd3f-11ea-8983-c85b76faef09', 'BANDA KOWSHIKA', 'BANDA SANTHOSH BABU', '', '7799649132', 'STUDENTS', 2, 8, 10, '', '2020-07-03 15:08:17', '2020-07-03 15:08:17'),
(232, '05345070-bd3f-11ea-8983-c85b76faef09', 'K.KHUSHAYANTHA', 'NARENDRA SINGH', '', '9351292527', 'STUDENTS', 2, 8, 10, '', '2020-07-03 15:08:17', '2020-07-03 15:08:17'),
(233, '053a647d-bd3f-11ea-8983-c85b76faef09', 'V.LALITHA SOWMYA', 'V.RAJU GOUD', '', '9059428496', 'STUDENTS', 2, 8, 10, '', '2020-07-03 15:08:17', '2020-07-03 15:08:17'),
(234, '054011bc-bd3f-11ea-8983-c85b76faef09', 'M.PRANEETHA', 'M.RAMESH', '', '9059090312', 'STUDENTS', 2, 8, 10, '', '2020-07-03 15:08:17', '2020-07-03 15:08:17'),
(235, '054635ee-bd3f-11ea-8983-c85b76faef09', 'G.BEALAH PRAVASTHI', 'G.B YESAIAH', '', '9959316672', 'STUDENTS', 2, 8, 10, '', '2020-07-03 15:08:17', '2020-07-03 15:08:17'),
(236, '055b16be-bd3f-11ea-8983-c85b76faef09', 'G.RUTHVIKA', 'G.VENU  ', '', '8309526376', 'STUDENTS', 2, 8, 10, '', '2020-07-03 15:08:17', '2020-07-03 15:08:17'),
(237, '055fa1f3-bd3f-11ea-8983-c85b76faef09', 'CH.REVATHI', 'CH.JANGAIAH', '', '9550011050', 'STUDENTS', 2, 8, 10, '', '2020-07-03 15:08:17', '2020-07-03 15:08:17'),
(238, '056555d0-bd3f-11ea-8983-c85b76faef09', 'B.SAI CHANDRIKA', 'B.NAGESHWARAO', '', '9640640696', 'STUDENTS', 2, 8, 10, '', '2020-07-03 15:08:17', '2020-07-03 15:08:17'),
(239, '056f674b-bd3f-11ea-8983-c85b76faef09', 'K.SHARANYA', 'K.SRIDHAR CHARY', '', '9989445538', 'STUDENTS', 2, 8, 10, '', '2020-07-03 15:08:17', '2020-07-03 15:08:17'),
(240, '057a8e52-bd3f-11ea-8983-c85b76faef09', 'P.SHARANYA', 'P.GANESH', '', '9603939690', 'STUDENTS', 2, 8, 10, '', '2020-07-03 15:08:17', '2020-07-03 15:08:17'),
(241, '057fb452-bd3f-11ea-8983-c85b76faef09', 'S.SREYASI', 'S.SRINIVAS', '', '8247681094', 'STUDENTS', 2, 8, 10, '', '2020-07-03 15:08:17', '2020-07-03 15:08:17'),
(242, '0588d4e6-bd3f-11ea-8983-c85b76faef09', 'S.TANU SREE', 'S.RAJU', '', '9912246235', 'STUDENTS', 2, 8, 10, '', '2020-07-03 15:08:18', '2020-07-03 15:08:18'),
(244, '059a9220-bd3f-11ea-8983-c85b76faef09', 'N.VARSHITHA', 'N.RAVI KUAMR', '', '9948206783', 'STUDENTS', 2, 8, 10, '', '2020-07-03 15:08:18', '2020-07-03 15:08:18'),
(245, '05a044fb-bd3f-11ea-8983-c85b76faef09', 'M.ANURUDH REDDY', 'RAJI REDDY', '', '9666219426', 'STUDENTS', 2, 8, 10, '', '2020-07-03 15:08:18', '2020-07-03 15:08:18'),
(246, '05a6619e-bd3f-11ea-8983-c85b76faef09', 'T.DHANUNJAY', 'T. RAMESH', '', '8498056608', 'STUDENTS', 2, 8, 10, '', '2020-07-03 15:08:18', '2020-07-03 15:08:18'),
(247, '05ac250a-bd3f-11ea-8983-c85b76faef09', 'B.GOPI', 'B.JAGAN MOHAN', '', '9154099515', 'STUDENTS', 2, 8, 10, '', '2020-07-03 15:08:18', '2020-07-03 15:08:18'),
(248, '05b255fd-bd3f-11ea-8983-c85b76faef09', 'P.KARTHIKEYA', 'P.R.C.MAHESHWAR RAO', '', '9908220854', 'STUDENTS', 2, 8, 10, '', '2020-07-03 15:08:18', '2020-07-03 15:08:18'),
(249, '05b818a1-bd3f-11ea-8983-c85b76faef09', 'M.PRANEETH REDDY', 'M.KARUNAKAR REDDY', '', '9666959223', 'STUDENTS', 2, 8, 10, '', '2020-07-03 15:08:18', '2020-07-03 15:08:18'),
(251, '05c76476-bd3f-11ea-8983-c85b76faef09', 'THOTLA. SRIKAR CHINMAYI', 'THOTLA. ANIL KUMAR', '', '9533017218', 'STUDENTS', 2, 8, 10, '', '2020-07-03 15:08:18', '2020-07-03 15:08:18'),
(252, '05ce106f-bd3f-11ea-8983-c85b76faef09', 'O.VENKAT SURYA', 'O.SEENU', '', '9959564970', 'STUDENTS', 2, 8, 10, '', '2020-07-03 15:08:18', '2020-07-03 15:08:18'),
(253, '05d8360b-bd3f-11ea-8983-c85b76faef09', 'GNANENDER  BHUKYA', 'DEVENDER  BHUKYA', '', '8790002590', 'STUDENTS', 2, 8, 10, '', '2020-07-03 15:08:18', '2020-07-03 15:08:18'),
(254, '05e25398-bd3f-11ea-8983-c85b76faef09', 'A.AAKASH', 'A.KARTHIK', '', '9059822249', 'STUDENTS', 2, 8, 10, '', '2020-07-03 15:08:18', '2020-07-03 15:08:18'),
(255, '05f7b686-bd3f-11ea-8983-c85b76faef09', 'CH.KRISHNA TAMAN SAI', 'CH.BHASKER RAO', '', '9304743178', 'STUDENTS', 2, 8, 10, '', '2020-07-03 15:08:18', '2020-07-03 15:08:18'),
(256, '05ff25f7-bd3f-11ea-8983-c85b76faef09', 'M.VIKRAM', 'M.NARASIMHA', '', '6300479572', 'STUDENTS', 2, 8, 10, '', '2020-07-03 15:08:18', '2020-07-03 15:08:18'),
(257, '0605267c-bd3f-11ea-8983-c85b76faef09', 'M.NIDHISH', 'M.MALLESH', '', '9912532071', 'STUDENTS', 2, 8, 10, '', '2020-07-03 15:08:18', '2020-07-03 15:08:18'),
(258, '060ac872-bd3f-11ea-8983-c85b76faef09', 'M. VENKATA PAVANA SRUJAN', 'M.SRINIVAS', '', '9848526572', 'STUDENTS', 2, 8, 10, '', '2020-07-03 15:08:18', '2020-07-03 15:08:18'),
(259, '0611341a-bd3f-11ea-8983-c85b76faef09', 'R.HAMSIKA', 'SURENDER RAO', '', '6300390285', 'STUDENTS', 2, 8, 10, '', '2020-07-03 15:08:18', '2020-07-03 15:08:18'),
(260, '3fdee60b-bd3f-11ea-8983-c85b76faef09', 'V.AISHWARYA', 'V.SHIVA KUMAR', '', '9652223666', 'STUDENTS', 2, 8, 11, '', '2020-07-03 15:09:55', '2020-07-03 15:09:55'),
(261, '3fe45d87-bd3f-11ea-8983-c85b76faef09', 'J.AMULYA', 'J.SRINIVAS', '', '9399972018', 'STUDENTS', 2, 8, 11, '', '2020-07-03 15:09:55', '2020-07-03 15:09:55'),
(262, '3fea0c04-bd3f-11ea-8983-c85b76faef09', 'ANANYA SINGH THAKUR', 'NAVEEN SINGH', '', '9704424485', 'STUDENTS', 2, 8, 11, '', '2020-07-03 15:09:55', '2020-07-03 15:09:55'),
(263, '3ff5c3a6-bd3f-11ea-8983-c85b76faef09', 'BRAMARI', 'SANTOSH KUMAR', '', '9346422760', 'STUDENTS', 2, 8, 11, '', '2020-07-03 15:09:56', '2020-07-03 15:09:56'),
(264, '40004a27-bd3f-11ea-8983-c85b76faef09', 'GEETHANJALI. P ', 'P.RAMESH', '', '9959564682', 'STUDENTS', 2, 8, 11, '', '2020-07-03 15:09:56', '2020-07-03 15:09:56'),
(266, '401277bb-bd3f-11ea-8983-c85b76faef09', 'GNANA SAMPADHA . B', 'RAJU KUMAR. B', '', '9490522407', 'STUDENTS', 2, 8, 11, '', '2020-07-03 15:09:56', '2020-07-03 15:09:56'),
(267, '403471c9-bd3f-11ea-8983-c85b76faef09', 'JASHVIKA.K', 'MOHAN', '', '8499973015', 'STUDENTS', 2, 8, 11, '', '2020-07-03 15:09:56', '2020-07-03 15:09:56'),
(268, '403e0bed-bd3f-11ea-8983-c85b76faef09', 'J.JOHUNA', 'RAMESH', '', '8500081026', 'STUDENTS', 2, 8, 11, '', '2020-07-03 15:09:56', '2020-07-03 15:09:56'),
(270, '404f8411-bd3f-11ea-8983-c85b76faef09', 'KAVERI.K ', 'VENKATA RAMANA', '', '9963010308', 'STUDENTS', 2, 8, 11, '', '2020-07-03 15:09:56', '2020-07-03 15:09:56'),
(271, '4058018e-bd3f-11ea-8983-c85b76faef09', 'KRITHIKA.K', 'RAJESHWAR RAJU', '', '6304026942', 'STUDENTS', 2, 8, 11, '', '2020-07-03 15:09:56', '2020-07-03 15:09:56'),
(272, '40607274-bd3f-11ea-8983-c85b76faef09', '.MEENAKSHI.B', 'NARSIMHA', '', '9908847994', 'STUDENTS', 2, 8, 11, '', '2020-07-03 15:09:56', '2020-07-03 15:09:56'),
(274, '4071481d-bd3f-11ea-8983-c85b76faef09', 'NEHA.G', 'RAJINI KANTH', '', '7207117706', 'STUDENTS', 2, 8, 11, '', '2020-07-03 15:09:56', '2020-07-03 15:09:56'),
(275, '4079e8f8-bd3f-11ea-8983-c85b76faef09', 'SREEJA.D', 'RAVI', '', '9912520991', 'STUDENTS', 2, 8, 11, '', '2020-07-03 15:09:56', '2020-07-03 15:09:56'),
(276, '408079bc-bd3f-11ea-8983-c85b76faef09', 'KOLAHALAM. SRI HARINI', 'KOLAHALAM NAGA RAJU', '', '9640555213', 'STUDENTS', 2, 8, 11, '', '2020-07-03 15:09:56', '2020-07-03 15:09:56'),
(277, '408a8f12-bd3f-11ea-8983-c85b76faef09', 'K.SRUTHI', 'SRINU', '', '9030197982', 'STUDENTS', 2, 8, 11, '', '2020-07-03 15:09:57', '2020-07-03 15:09:57'),
(278, '4094c594-bd3f-11ea-8983-c85b76faef09', 'VARSHIKA.P', 'BABU', '', '8099661903', 'STUDENTS', 2, 8, 11, '', '2020-07-03 15:09:57', '2020-07-03 15:09:57'),
(280, '40a25981-bd3f-11ea-8983-c85b76faef09', 'VAISHNAVI YADAV', 'MUTHYALU', '', '8187077008', 'STUDENTS', 2, 8, 11, '', '2020-07-03 15:09:57', '2020-07-03 15:09:57'),
(281, '40acd0fb-bd3f-11ea-8983-c85b76faef09', 'AKHILESH RATHOD. M', 'RAVINDER', '', '8639719231', 'STUDENTS', 2, 8, 11, '', '2020-07-03 15:09:57', '2020-07-03 15:09:57'),
(282, '40e64c5f-bd3f-11ea-8983-c85b76faef09', 'AKSHITH.J', 'SAI KUMAR', '', '8309599972', 'STUDENTS', 2, 8, 11, '', '2020-07-03 15:09:57', '2020-07-03 15:09:57'),
(283, '40f100ca-bd3f-11ea-8983-c85b76faef09', 'BHANU CHANDRA', 'GANESH', '', '9000100813', 'STUDENTS', 2, 8, 11, '', '2020-07-03 15:09:57', '2020-07-03 15:09:57'),
(284, '40f86bde-bd3f-11ea-8983-c85b76faef09', 'CHARAN LAL. R', 'RAM DAS', '', '7569490845', 'STUDENTS', 2, 8, 11, '', '2020-07-03 15:09:57', '2020-07-03 15:09:57'),
(286, '41095476-bd3f-11ea-8983-c85b76faef09', 'HANUMANTHU. S', 'KRISHNA', '', '9666791633', 'STUDENTS', 2, 8, 11, '', '2020-07-03 15:09:57', '2020-07-03 15:09:57'),
(287, '4111bc77-bd3f-11ea-8983-c85b76faef09', 'HEMANTH GOUD. K', 'RAMA KRISHNA', '', '8106208054', 'STUDENTS', 2, 8, 11, '', '2020-07-03 15:09:57', '2020-07-03 15:09:57'),
(288, '41198b7f-bd3f-11ea-8983-c85b76faef09', 'KARTHIKEYA. K', 'JAGADISH YADAV', '', '7036418583', 'STUDENTS', 2, 8, 11, '', '2020-07-03 15:09:57', '2020-07-03 15:09:57'),
(289, '4120f120-bd3f-11ea-8983-c85b76faef09', 'A.NAMAN RAJ', 'OMPRAKASH', '', '9985221704', 'STUDENTS', 2, 8, 11, '', '2020-07-03 15:09:58', '2020-07-03 15:09:58'),
(290, '412979ef-bd3f-11ea-8983-c85b76faef09', 'RUSHIK.N', 'BALAJI', '', '9347871118', 'STUDENTS', 2, 8, 11, '', '2020-07-03 15:09:58', '2020-07-03 15:09:58'),
(291, '41302356-bd3f-11ea-8983-c85b76faef09', 'SAI. J', 'SRINU', '', '9959572845', 'STUDENTS', 2, 8, 11, '', '2020-07-03 15:09:58', '2020-07-03 15:09:58'),
(293, '41405295-bd3f-11ea-8983-c85b76faef09', 'SUJITH HARSHA. M', 'SHEKAR', '', '8688667488', 'STUDENTS', 2, 8, 11, '', '2020-07-03 15:09:58', '2020-07-03 15:09:58'),
(294, '41535ddc-bd3f-11ea-8983-c85b76faef09', 'YASHWANTH. B', 'PRAVEEN', '', '9441002498', 'STUDENTS', 2, 8, 11, '', '2020-07-03 15:09:58', '2020-07-03 15:09:58'),
(295, '889b3ad8-bd3f-11ea-8983-c85b76faef09', 'K.ABHIGNA', 'K.SUDHARSHAN', '', '8977456991', 'STUDENTS', 2, 8, 12, '', '2020-07-03 15:11:57', '2020-07-03 15:11:57'),
(296, '88b0ad8e-bd3f-11ea-8983-c85b76faef09', 'N.ANANYA', 'SUDHAKER REDDY', '', '8374296040', 'STUDENTS', 2, 8, 12, '', '2020-07-03 15:11:58', '2020-07-03 15:11:58'),
(297, '88b9018a-bd3f-11ea-8983-c85b76faef09', 'G.DHISHITHA', 'UPENDER YADAV', '', '9298104001', 'STUDENTS', 2, 8, 12, '', '2020-07-03 15:11:58', '2020-07-03 15:11:58'),
(298, '88beb539-bd3f-11ea-8983-c85b76faef09', 'T.DHANISTA', 'CHAKRAVARTHY', '', '9160044616', 'STUDENTS', 2, 8, 12, '', '2020-07-03 15:11:58', '2020-07-03 15:11:58'),
(299, '88c56ee6-bd3f-11ea-8983-c85b76faef09', 'B.GIRIJA', 'B.NAGENDER', '', '7013151422', 'STUDENTS', 2, 8, 12, '', '2020-07-03 15:11:58', '2020-07-03 15:11:58'),
(301, '88d0af33-bd3f-11ea-8983-c85b76faef09', 'A.JAYA LAXMI', 'A.ARAVIND', '', '9398004462', 'STUDENTS', 2, 8, 12, '', '2020-07-03 15:11:58', '2020-07-03 15:11:58'),
(302, '88d662d7-bd3f-11ea-8983-c85b76faef09', 'K.NIHARIKA', 'K.SHAKER', '', '9705604112', 'STUDENTS', 2, 8, 12, '', '2020-07-03 15:11:58', '2020-07-03 15:11:58'),
(303, '88dc7c1c-bd3f-11ea-8983-c85b76faef09', 'M.RISHIKA', 'M.MAHESH', '', '9676270333', 'STUDENTS', 2, 8, 12, '', '2020-07-03 15:11:58', '2020-07-03 15:11:58'),
(304, '88efb762-bd3f-11ea-8983-c85b76faef09', 'C.RISHWITHA', 'C.NARESH', '', '9618039699', 'STUDENTS', 2, 8, 12, '', '2020-07-03 15:11:58', '2020-07-03 15:11:58'),
(306, '88fb9687-bd3f-11ea-8983-c85b76faef09', 'T.SAHARSHIKA REDDY', 'T.MAHENDER REDDY', '', '9542717424', 'STUDENTS', 2, 8, 12, '', '2020-07-03 15:11:58', '2020-07-03 15:11:58'),
(309, '890f24c7-bd3f-11ea-8983-c85b76faef09', 'V.SRUTHI', 'VENU', '', '8106621467', 'STUDENTS', 2, 8, 12, '', '2020-07-03 15:11:58', '2020-07-03 15:11:58'),
(311, '891af38e-bd3f-11ea-8983-c85b76faef09', 'T.AKSHAY', 'T.VINOD', '', '9640152460', 'STUDENTS', 2, 8, 12, '', '2020-07-03 15:11:58', '2020-07-03 15:11:58'),
(312, '8921b32b-bd3f-11ea-8983-c85b76faef09', 'P.BHANU TEJA', 'P.KISHAN', '', '9505056663', 'STUDENTS', 2, 8, 12, '', '2020-07-03 15:11:58', '2020-07-03 15:11:58'),
(313, '8928f2e4-bd3f-11ea-8983-c85b76faef09', 'N.DEEKSHITH GOUD', 'N.SRIKANTH GOUD', '', '9573039123', 'STUDENTS', 2, 8, 12, '', '2020-07-03 15:11:58', '2020-07-03 15:11:58'),
(315, '89342eee-bd3f-11ea-8983-c85b76faef09', 'K.HARSHA VARDHAN', 'K.RAMESH', '', '8008167200', 'STUDENTS', 2, 8, 12, '', '2020-07-03 15:11:58', '2020-07-03 15:11:58'),
(316, '8939fa22-bd3f-11ea-8983-c85b76faef09', 'D.MOHITH TEJA', 'D.UPENDER', '', '9392433495', 'STUDENTS', 2, 8, 12, '', '2020-07-03 15:11:58', '2020-07-03 15:11:58'),
(317, '894017ea-bd3f-11ea-8983-c85b76faef09', 'R.NITISH VARMA', 'R.KRISHNAM RAJU', '', '9652506436', 'STUDENTS', 2, 8, 12, '', '2020-07-03 15:11:59', '2020-07-03 15:11:59'),
(318, '8948b5f9-bd3f-11ea-8983-c85b76faef09', 'K.PRANITH CHARY', 'K.BALEESHWARA CHARY', '', '7032081245', 'STUDENTS', 2, 8, 12, '', '2020-07-03 15:11:59', '2020-07-03 15:11:59'),
(320, '8963838e-bd3f-11ea-8983-c85b76faef09', 'B.RITHVIK GOUD', 'B.THIRUMALESH', '', '9640925888', 'STUDENTS', 2, 8, 12, '', '2020-07-03 15:11:59', '2020-07-03 15:11:59'),
(321, '89696977-bd3f-11ea-8983-c85b76faef09', 'E.SAI NATH', 'E.LASKER', '', '9603140476', 'STUDENTS', 2, 8, 12, '', '2020-07-03 15:11:59', '2020-07-03 15:11:59'),
(322, '896f8c6c-bd3f-11ea-8983-c85b76faef09', 'K.SAI MANI', 'K.ANIL KUMAR', '', '9666498009', 'STUDENTS', 2, 8, 12, '', '2020-07-03 15:11:59', '2020-07-03 15:11:59'),
(323, '89752d6a-bd3f-11ea-8983-c85b76faef09', 'P.SAI KOUSHIK', 'P.NAVEEN KUMAR', '', '9493444166', 'STUDENTS', 2, 8, 12, '', '2020-07-03 15:11:59', '2020-07-03 15:11:59'),
(324, '898a7f60-bd3f-11ea-8983-c85b76faef09', 'S.SIDDU GOUD', 'S.SUDHAKER GOUD', '', '9346695928', 'STUDENTS', 2, 8, 12, '', '2020-07-03 15:11:59', '2020-07-03 15:11:59'),
(325, '8991eaf6-bd3f-11ea-8983-c85b76faef09', 'E.TAGORE', 'E.LALU', '', '9848209285', 'STUDENTS', 2, 8, 12, '', '2020-07-03 15:11:59', '2020-07-03 15:11:59'),
(326, '89982b86-bd3f-11ea-8983-c85b76faef09', 'A.AKHIL', 'A.SRINU', '', '7337258571', 'STUDENTS', 2, 8, 12, '', '2020-07-03 15:11:59', '2020-07-03 15:11:59'),
(328, 'e1128a55-bd3f-11ea-8983-c85b76faef09', 'K.AKSHARA', 'K.ANIL KUMAR', '', '9000194554', 'STUDENTS', 2, 7, 14, '', '2020-07-03 15:14:26', '2020-07-03 15:14:26'),
(329, 'e119dcc9-bd3f-11ea-8983-c85b76faef09', 'V.BHARANI', 'V.ASHOK', '', '9505098972', 'STUDENTS', 2, 7, 14, '', '2020-07-03 15:14:26', '2020-07-03 15:14:26'),
(330, 'e120140b-bd3f-11ea-8983-c85b76faef09', 'K.DEEKSHITHA', 'K.PURUSHOTHAM', '', '9247327043', 'STUDENTS', 2, 7, 14, '', '2020-07-03 15:14:26', '2020-07-03 15:14:26'),
(331, 'e125aa93-bd3f-11ea-8983-c85b76faef09', 'A.HARSHITHA', 'A.BABU', '', '9912221041', 'STUDENTS', 2, 7, 14, '', '2020-07-03 15:14:26', '2020-07-03 15:14:26'),
(333, 'e13e8539-bd3f-11ea-8983-c85b76faef09', 'G.KARUNYA', 'G.MURALI KRISHNA', '', '9985995253', 'STUDENTS', 2, 7, 14, '', '2020-07-03 15:14:26', '2020-07-03 15:14:26'),
(335, 'e14a2c67-bd3f-11ea-8983-c85b76faef09', 'G.SATHWIKA', 'G.SRINU', '', '8008797142', 'STUDENTS', 2, 7, 14, '', '2020-07-03 15:14:26', '2020-07-03 15:14:26'),
(337, 'e155f5cf-bd3f-11ea-8983-c85b76faef09', 'G.SUMANA SREE', 'G.MADHU BABU', '', '9177595801', 'STUDENTS', 2, 7, 14, '', '2020-07-03 15:14:26', '2020-07-03 15:14:26'),
(338, 'e15bbadc-bd3f-11ea-8983-c85b76faef09', 'B.SUMITRA', 'B.NAGU', '', '9959644819', 'STUDENTS', 2, 7, 14, '', '2020-07-03 15:14:26', '2020-07-03 15:14:26'),
(340, 'e1678c4e-bd3f-11ea-8983-c85b76faef09', 'S.VAISHNAVI', 'S.GOPALA SWAMY', '', '9849447119', 'STUDENTS', 2, 7, 14, '', '2020-07-03 15:14:26', '2020-07-03 15:14:26'),
(341, 'e16d9ac9-bd3f-11ea-8983-c85b76faef09', 'N VARSHINI', 'N.BALA KRISHNA', '', '9949447447', 'STUDENTS', 2, 7, 14, '', '2020-07-03 15:14:26', '2020-07-03 15:14:26'),
(342, 'e173be75-bd3f-11ea-8983-c85b76faef09', 'G.AKHIL', 'G.SRINIVAS', '', '9160700780', 'STUDENTS', 2, 7, 14, '', '2020-07-03 15:14:27', '2020-07-03 15:14:27'),
(343, 'e1797af4-bd3f-11ea-8983-c85b76faef09', 'G.ANKITH KUMAR', 'G.ASHOK KUMAR', '', '8121624090', 'STUDENTS', 2, 7, 14, '', '2020-07-03 15:14:27', '2020-07-03 15:14:27'),
(344, 'e17f308a-bd3f-11ea-8983-c85b76faef09', 'E.CHAITANYA REDDY', 'E.MADHUKAR REDDY', '', '9705014303', 'STUDENTS', 2, 7, 14, '', '2020-07-03 15:14:27', '2020-07-03 15:14:27'),
(345, 'e1855cca-bd3f-11ea-8983-c85b76faef09', 'M.A.DANISH AMAAN', 'AZEEM', '', '6301455995', 'STUDENTS', 2, 7, 14, '', '2020-07-03 15:14:27', '2020-07-03 15:14:27'),
(346, 'e18b0877-bd3f-11ea-8983-c85b76faef09', 'K.HARISH YADAV', 'K.SRINIVAS', '', '9705649850', 'STUDENTS', 2, 7, 14, '', '2020-07-03 15:14:27', '2020-07-03 15:14:27'),
(347, 'e19406a3-bd3f-11ea-8983-c85b76faef09', 'B.HEMANTH GOUD', 'B.SUKENDER GOUD', '', '8790252927', 'STUDENTS', 2, 7, 14, '', '2020-07-03 15:14:27', '2020-07-03 15:14:27'),
(348, 'e19a4b97-bd3f-11ea-8983-c85b76faef09', 'B.KARTHIK', 'B.SAHADEV', '', '9848265354', 'STUDENTS', 2, 7, 14, '', '2020-07-03 15:14:27', '2020-07-03 15:14:27'),
(350, 'e1aa6113-bd3f-11ea-8983-c85b76faef09', 'G.KIRAN', 'G.KRISHNA', '', '9154528649', 'STUDENTS', 2, 7, 14, '', '2020-07-03 15:14:27', '2020-07-03 15:14:27'),
(351, 'e1b82afe-bd3f-11ea-8983-c85b76faef09', 'B.MANIDEEP', 'B.SRISAILAM', '', '9248791934', 'STUDENTS', 2, 7, 14, '', '2020-07-03 15:14:27', '2020-07-03 15:14:27'),
(352, 'e1c15fef-bd3f-11ea-8983-c85b76faef09', 'M.OMKAR ASHWIN', 'N.NARSING RAO', '', '9885390825', 'STUDENTS', 2, 7, 14, '', '2020-07-03 15:14:27', '2020-07-03 15:14:27'),
(353, 'e1c7ec2a-bd3f-11ea-8983-c85b76faef09', 'G.PAVAN TEJA', 'G..SIDDESHWAR', '', '7386678850', 'STUDENTS', 2, 7, 14, '', '2020-07-03 15:14:27', '2020-07-03 15:14:27'),
(357, 'e1eec383-bd3f-11ea-8983-c85b76faef09', 'E.SAI NIHAL', 'E.GOPAL', '', '9010343552', 'STUDENTS', 2, 7, 14, '', '2020-07-03 15:14:27', '2020-07-03 15:14:27'),
(358, 'e1f4d10b-bd3f-11ea-8983-c85b76faef09', 'D.SAI RITEESH', 'D.RAMESH', '', '9989297811', 'STUDENTS', 2, 7, 14, '', '2020-07-03 15:14:27', '2020-07-03 15:14:27'),
(359, 'e2009fef-bd3f-11ea-8983-c85b76faef09', 'S.SATHWIK', 'S.JANGAIAH', '', '9348489504', 'STUDENTS', 2, 7, 14, '', '2020-07-03 15:14:27', '2020-07-03 15:14:27'),
(360, 'e20c61b9-bd3f-11ea-8983-c85b76faef09', 'K.TEJAS', 'K.SRIRAM', '', '9347373882', 'STUDENTS', 2, 7, 14, '', '2020-07-03 15:14:28', '2020-07-03 15:14:28'),
(361, 'e2124f29-bd3f-11ea-8983-c85b76faef09', 'M.YOGESH KUMAR', 'M.SUBRAMANYAM', '', '9704459930', 'STUDENTS', 2, 7, 14, '', '2020-07-03 15:14:28', '2020-07-03 15:14:28'),
(362, '33f96529-bd40-11ea-8983-c85b76faef09', 'K.AMULYA', 'K.SRIMAN NARAYANA', '', '7989412310', 'STUDENTS', 2, 7, 15, '', '2020-07-03 15:16:45', '2020-07-03 15:16:45'),
(363, '3406292a-bd40-11ea-8983-c85b76faef09', 'P.DEEKSHITHA', 'P. RAM MOHAN ', '', '9908585788', 'STUDENTS', 2, 7, 15, '', '2020-07-03 15:16:45', '2020-07-03 15:16:45'),
(364, '340e143e-bd40-11ea-8983-c85b76faef09', 'E.GAYATHRI', 'E. RAVI KUMAR YADAV', '', '9866240269', 'STUDENTS', 2, 7, 15, '', '2020-07-03 15:16:45', '2020-07-03 15:16:45'),
(365, '34247d81-bd40-11ea-8983-c85b76faef09', 'B.HARIKA', 'B. OBULESHU', '', '9908497779', 'STUDENTS', 2, 7, 15, '', '2020-07-03 15:16:45', '2020-07-03 15:16:45');
INSERT INTO `users` (`id`, `uuid`, `name`, `father_name`, `email`, `mobile`, `role`, `branch_id`, `class_id`, `section_id`, `image`, `created_dt`, `modified_dt`) VALUES
(367, '343054c2-bd40-11ea-8983-c85b76faef09', 'K.KAVYA SREE', 'K.SATHYA NARAYANA', '', '9949668511', 'STUDENTS', 2, 7, 15, '', '2020-07-03 15:16:45', '2020-07-03 15:16:45'),
(368, '34364de6-bd40-11ea-8983-c85b76faef09', 'K.PRATHIKA', 'K. HANUMANTHU', '', '7669440918', 'STUDENTS', 2, 7, 15, '', '2020-07-03 15:16:45', '2020-07-03 15:16:45'),
(369, '343c2638-bd40-11ea-8983-c85b76faef09', 'SARTHIKA PAL', 'YASHWANTH PAL', '', '9542709803', 'STUDENTS', 2, 7, 15, '', '2020-07-03 15:16:45', '2020-07-03 15:16:45'),
(370, '3441f2a6-bd40-11ea-8983-c85b76faef09', 'R.SINDHURA', 'R.S KALYA', '', '9848325761', 'STUDENTS', 2, 7, 15, '', '2020-07-03 15:16:45', '2020-07-03 15:16:45'),
(371, '34481d86-bd40-11ea-8983-c85b76faef09', 'C.SNEHA LATHA', 'C.PARVATHALU', '', '9394837789', 'STUDENTS', 2, 7, 15, '', '2020-07-03 15:16:45', '2020-07-03 15:16:45'),
(373, '3455ad98-bd40-11ea-8983-c85b76faef09', 'P.VAISHNAVI', 'P.LINGAM', '', '9885930329', 'STUDENTS', 2, 7, 15, '', '2020-07-03 15:16:46', '2020-07-03 15:16:46'),
(374, '345b4518-bd40-11ea-8983-c85b76faef09', 'D.ADITHYA', 'D. JAGADISH', '', '9848937646', 'STUDENTS', 2, 7, 15, '', '2020-07-03 15:16:46', '2020-07-03 15:16:46'),
(375, '346175df-bd40-11ea-8983-c85b76faef09', 'Y.AKHIL', 'Y.SATISH', '', '8919397165', 'STUDENTS', 2, 7, 15, '', '2020-07-03 15:16:46', '2020-07-03 15:16:46'),
(377, '346d252b-bd40-11ea-8983-c85b76faef09', 'T.BHUVAN RAJ', 'T.MALLESH KUMAR', '', '9391110255', 'STUDENTS', 2, 7, 15, '', '2020-07-03 15:16:46', '2020-07-03 15:16:46'),
(378, '34732fdc-bd40-11ea-8983-c85b76faef09', 'P.DHIKSHITH REDDY', 'P.RAJENDER REDDY', '', '9849735349', 'STUDENTS', 2, 7, 15, '', '2020-07-03 15:16:46', '2020-07-03 15:16:46'),
(379, '3478e100-bd40-11ea-8983-c85b76faef09', 'K.BHUVANESHWAR', 'K.MUTHYAM', '', '9908385360', 'STUDENTS', 2, 7, 15, '', '2020-07-03 15:16:46', '2020-07-03 15:16:46'),
(380, '347ea838-bd40-11ea-8983-c85b76faef09', 'S.CHAITHANYA RAM', 'S.VENKATESHWARLU', '', '9493965842', 'STUDENTS', 2, 7, 15, '', '2020-07-03 15:16:46', '2020-07-03 15:16:46'),
(381, '3484b854-bd40-11ea-8983-c85b76faef09', 'K.CHARAN TEJA', 'K. AJAY KUMAR', '', '9948038324', 'STUDENTS', 2, 7, 15, '', '2020-07-03 15:16:46', '2020-07-03 15:16:46'),
(382, '348a7c0b-bd40-11ea-8983-c85b76faef09', 'Y.GOWTHAM', 'Y.SUMAN', '', '9908878114', 'STUDENTS', 2, 7, 15, '', '2020-07-03 15:16:46', '2020-07-03 15:16:46'),
(383, '3490873a-bd40-11ea-8983-c85b76faef09', 'A.JASHWANTH', 'A.KATAM RAJU GOUD', '', '8555910183', 'STUDENTS', 2, 7, 15, '', '2020-07-03 15:16:46', '2020-07-03 15:16:46'),
(385, '34a015eb-bd40-11ea-8983-c85b76faef09', 'G.MAHIDHAR REDDY', 'G.MADHUSUDHAN  REDDY', '', '9908025218', 'STUDENTS', 2, 7, 15, '', '2020-07-03 15:16:46', '2020-07-03 15:16:46'),
(386, '34a90c05-bd40-11ea-8983-c85b76faef09', 'M.MANAS', 'M.VENKATESHWAR', '', '9985212802', 'STUDENTS', 2, 7, 15, '', '2020-07-03 15:16:46', '2020-07-03 15:16:46'),
(387, '34bcf651-bd40-11ea-8983-c85b76faef09', 'K.MANIKANTA', 'K.VENKANNA', '', '9989226797', 'STUDENTS', 2, 7, 15, '', '2020-07-03 15:16:46', '2020-07-03 15:16:46'),
(388, '34c2513c-bd40-11ea-8983-c85b76faef09', 'E.MALLESH', 'E.RAJU', '', '9640857055', 'STUDENTS', 2, 7, 15, '', '2020-07-03 15:16:46', '2020-07-03 15:16:46'),
(389, '34c862d3-bd40-11ea-8983-c85b76faef09', 'K.PRASHANTH', 'K.PANTHULA', '', '9948772881', 'STUDENTS', 2, 7, 15, '', '2020-07-03 15:16:46', '2020-07-03 15:16:46'),
(391, '34d43a43-bd40-11ea-8983-c85b76faef09', 'M.RISHWEET SANDESH', 'M.SHIVA KRISHNA', '', '9133278529', 'STUDENTS', 2, 7, 15, '', '2020-07-03 15:16:46', '2020-07-03 15:16:46'),
(393, '34e04dce-bd40-11ea-8983-c85b76faef09', 'V.SAI KOUSHIK', 'V.RAMA KRISHNA', '', '9849748917', 'STUDENTS', 2, 7, 15, '', '2020-07-03 15:16:46', '2020-07-03 15:16:46'),
(395, '34f08071-bd40-11ea-8983-c85b76faef09', 'P.VIGNESH', 'P.NIRANJAN', '', '9100427052', 'STUDENTS', 2, 7, 15, '', '2020-07-03 15:16:47', '2020-07-03 15:16:47'),
(396, '34f6bc35-bd40-11ea-8983-c85b76faef09', 'CH.SUCHETHAN', 'CH. RAMESH', '', '9010474718', 'STUDENTS', 2, 7, 15, '', '2020-07-03 15:16:47', '2020-07-03 15:16:47'),
(397, '77e1830a-bd40-11ea-8983-c85b76faef09', 'G.DEEKSHITHA', 'G.MALLESH', '', '9704472960', 'STUDENTS', 2, 7, 16, '', '2020-07-03 15:18:39', '2020-07-03 15:18:39'),
(400, '77f2bc15-bd40-11ea-8983-c85b76faef09', 'V.LAKSHMI KARUNYA', 'V.SRIRAM RAMESH RAJITHA', '', '9963795554', 'STUDENTS', 2, 7, 16, '', '2020-07-03 15:18:39', '2020-07-03 15:18:39'),
(402, '780b70b4-bd40-11ea-8983-c85b76faef09', 'C.PREETHIKA', 'C.PRAKASH', '', '9133179425', 'STUDENTS', 2, 7, 16, '', '2020-07-03 15:18:39', '2020-07-03 15:18:39'),
(404, '7824db6a-bd40-11ea-8983-c85b76faef09', 'Y.SAI RITHVIKA', 'Y.ANAND REDDY', '', '9347854647', 'STUDENTS', 2, 7, 16, '', '2020-07-03 15:18:39', '2020-07-03 15:18:39'),
(405, '782a7d24-bd40-11ea-8983-c85b76faef09', 'M.SRI LAKSHMI', 'M.SANTHOSH KUMAR', '', '9705648316', 'STUDENTS', 2, 7, 16, '', '2020-07-03 15:18:39', '2020-07-03 15:18:39'),
(406, '7830bd72-bd40-11ea-8983-c85b76faef09', 'S.SRIVALLI', 'S.NAGARAJU', '', '7337474008', 'STUDENTS', 2, 7, 16, '', '2020-07-03 15:18:39', '2020-07-03 15:18:39'),
(409, '78468d1d-bd40-11ea-8983-c85b76faef09', 'G.CHARAN', 'G.KRISHNA', '', '7386900041', 'STUDENTS', 2, 7, 16, '', '2020-07-03 15:18:40', '2020-07-03 15:18:40'),
(410, '784c42bd-bd40-11ea-8983-c85b76faef09', 'K.CHARAN TEJA', 'K.UMA MAHESHWAR RAO', '', '8121575688', 'STUDENTS', 2, 7, 16, '', '2020-07-03 15:18:40', '2020-07-03 15:18:40'),
(411, '7852530e-bd40-11ea-8983-c85b76faef09', 'A.DHANUSH', 'A.KARTHIK', '', '9908687767', 'STUDENTS', 2, 7, 16, '', '2020-07-03 15:18:40', '2020-07-03 15:18:40'),
(412, '78581102-bd40-11ea-8983-c85b76faef09', 'N.DINESH', 'N.KISHAN', '', '9912623234', 'STUDENTS', 2, 7, 16, '', '2020-07-03 15:18:40', '2020-07-03 15:18:40'),
(413, '785e5002-bd40-11ea-8983-c85b76faef09', 'PALA.ESHWAR PRASAD', 'P.RAMAKRISHNA', '', '9515438560', 'STUDENTS', 2, 7, 16, '', '2020-07-03 15:18:40', '2020-07-03 15:18:40'),
(415, '7869faca-bd40-11ea-8983-c85b76faef09', 'A.JEEVAN KUMAR', 'A.SRAVAN KUMAR', '', '9866102339', 'STUDENTS', 2, 7, 16, '', '2020-07-03 15:18:40', '2020-07-03 15:18:40'),
(417, '7875e062-bd40-11ea-8983-c85b76faef09', 'D.POORNA AKSHITH', 'D SYAMA SUNDAR', '', '8801801994', 'STUDENTS', 2, 7, 16, '', '2020-07-03 15:18:40', '2020-07-03 15:18:40'),
(418, '787b8e0d-bd40-11ea-8983-c85b76faef09', 'PREM BHAGWANDAS BHAVANI', 'BHAGAVAN DAS J.BHAVANI', '', '7013458358', 'STUDENTS', 2, 7, 16, '', '2020-07-03 15:18:40', '2020-07-03 15:18:40'),
(420, '78885b4a-bd40-11ea-8983-c85b76faef09', 'BODHU SAI MOKSHITH', 'BODHU VENKATESHWAR RAO', '', '9948183160', 'STUDENTS', 2, 7, 16, '', '2020-07-03 15:18:40', '2020-07-03 15:18:40'),
(421, '788f841b-bd40-11ea-8983-c85b76faef09', 'N.SANJAY BHARGAV', 'N.KISHORE KUMAR', '', '8555804498', 'STUDENTS', 2, 7, 16, '', '2020-07-03 15:18:40', '2020-07-03 15:18:40'),
(422, '78a69f29-bd40-11ea-8983-c85b76faef09', 'PUPPALA .SHIVA  MANIKANTA', 'P. JALENDER', '', '9949944595', 'STUDENTS', 2, 7, 16, '', '2020-07-03 15:18:40', '2020-07-03 15:18:40'),
(423, '78ae432d-bd40-11ea-8983-c85b76faef09', 'M.SRIRAM', 'M.RAVI', '', '7730887906', 'STUDENTS', 2, 7, 16, '', '2020-07-03 15:18:40', '2020-07-03 15:18:40'),
(425, '78c1cc75-bd40-11ea-8983-c85b76faef09', 'A.VEERA BRAMENDRA', 'A.NAGARAJU', '', '9866412605', 'STUDENTS', 2, 7, 16, '', '2020-07-03 15:18:40', '2020-07-03 15:18:40'),
(426, '78c79471-bd40-11ea-8983-c85b76faef09', 'M.VIVEK ASHEERVADH KUMAR', 'M.SHANKARAIAH', '', '9502994746', 'STUDENTS', 2, 7, 16, '', '2020-07-03 15:18:40', '2020-07-03 15:18:40'),
(428, '78d3bdfe-bd40-11ea-8983-c85b76faef09', 'G.KARTHIK', 'G.ANAND', '', '9063123127', 'STUDENTS', 2, 7, 16, '', '2020-07-03 15:18:40', '2020-07-03 15:18:40'),
(429, 'e3addb7b-bd40-11ea-8983-c85b76faef09', 'KOTHA. AISHWARYA', 'KOTHA. VENKATESHWARLU', '', '9490588791', 'STUDENTS', 2, 2, 29, '', '2020-07-03 15:21:40', '2020-07-03 15:21:40'),
(430, 'e3b59260-bd40-11ea-8983-c85b76faef09', 'KOMMARGONI. AKSHARA', 'KOMMAGONI. SRINIVASN GOUD', '', '9346147582', 'STUDENTS', 2, 2, 29, '', '2020-07-03 15:21:40', '2020-07-03 15:21:40'),
(431, 'e3bb8902-bd40-11ea-8983-c85b76faef09', 'KORIGINJA. ALAKSHA', 'KORIGINJA.SATYANARAYANA', '', '9573262400', 'STUDENTS', 2, 2, 29, '', '2020-07-03 15:21:40', '2020-07-03 15:21:40'),
(432, 'e3c227ac-bd40-11ea-8983-c85b76faef09', 'GOURA. ANKITHA', 'GOURA. ILAIAH', '', '8897977759', 'STUDENTS', 2, 2, 29, '', '2020-07-03 15:21:40', '2020-07-03 15:21:40'),
(433, 'e3c796e3-bd40-11ea-8983-c85b76faef09', 'JATAVATH. BINDHU', 'JARAVATHA. SARVESHWAR', '', '8008937715', 'STUDENTS', 2, 2, 29, '', '2020-07-03 15:21:40', '2020-07-03 15:21:40'),
(434, 'e3cd30b8-bd40-11ea-8983-c85b76faef09', 'NANJUTI. BHANU PRASANNA', 'NANJUTI. SHEKAR GOUD', '', '9491415801', 'STUDENTS', 2, 2, 29, '', '2020-07-03 15:21:40', '2020-07-03 15:21:40'),
(435, 'e3d346dd-bd40-11ea-8983-c85b76faef09', 'BAIGALLA. HASINI', 'BAIGALLA. PRAVEEN KUMAR', '', '9959742618', 'STUDENTS', 2, 2, 29, '', '2020-07-03 15:21:40', '2020-07-03 15:21:40'),
(436, 'e3d91362-bd40-11ea-8983-c85b76faef09', 'KESANAPALLI. KRISHITHA', 'K. SURESH KUMAR', '', '9703660548', 'STUDENTS', 2, 2, 29, '', '2020-07-03 15:21:40', '2020-07-03 15:21:40'),
(437, 'e3df0233-bd40-11ea-8983-c85b76faef09', 'C.LIKITHA', 'C. KRISHNA', '', '9966217109', 'STUDENTS', 2, 2, 29, '', '2020-07-03 15:21:40', '2020-07-03 15:21:40'),
(438, 'e3e4f440-bd40-11ea-8983-c85b76faef09', 'JINKALA. MANISHA', 'JINKALA. SRINIVAS', '', '9177663205', 'STUDENTS', 2, 2, 29, '', '2020-07-03 15:21:40', '2020-07-03 15:21:40'),
(439, 'e3eacf11-bd40-11ea-8983-c85b76faef09', 'MUDAVATH. MEENAKSHI', 'MUDAVATH. SRINIVAS', '', '9640024006', 'STUDENTS', 2, 2, 29, '', '2020-07-03 15:21:40', '2020-07-03 15:21:40'),
(440, 'e3f0a6ca-bd40-11ea-8983-c85b76faef09', 'KASOJU. PRASANNA', 'KASOJU. GOPALA CHARY', '', '9676768696', 'STUDENTS', 2, 2, 29, '', '2020-07-03 15:21:40', '2020-07-03 15:21:40'),
(441, 'e3f70b5d-bd40-11ea-8983-c85b76faef09', 'BADDAM. RAMANI BHAVANI', 'BADDAM. MALLESH GOUD', '', '9949648161', 'STUDENTS', 2, 2, 29, '', '2020-07-03 15:21:40', '2020-07-03 15:21:40'),
(442, 'e3fc7d7f-bd40-11ea-8983-c85b76faef09', 'GURAPPU.SAI  RITHIKA GOUD', 'GURAPPU. PANDURANGA', '', '6303823346', 'STUDENTS', 2, 2, 29, '', '2020-07-03 15:21:40', '2020-07-03 15:21:40'),
(443, 'e4027b9d-bd40-11ea-8983-c85b76faef09', 'UPPU. SUPRIYA', 'UPPU.SHEKAR', '', '9866355105', 'STUDENTS', 2, 2, 29, '', '2020-07-03 15:21:40', '2020-07-03 15:21:40'),
(444, 'e408740e-bd40-11ea-8983-c85b76faef09', 'BADDAM. SOWMYA REDDY', 'BADDAM. SURENDAR REDDY', '', '97058696908', 'STUDENTS', 2, 2, 29, '', '2020-07-03 15:21:40', '2020-07-03 15:21:40'),
(445, 'e40e5089-bd40-11ea-8983-c85b76faef09', ';PULIGILLA. AVINASH', 'PULIGILLA. NAVEEN CHARY', '', '9392057709', 'STUDENTS', 2, 2, 29, '', '2020-07-03 15:21:40', '2020-07-03 15:21:40'),
(446, 'e414351d-bd40-11ea-8983-c85b76faef09', 'P K  BHAVANI PRASAD', 'SHIVA KUMAR P K', '', '9177171245', 'STUDENTS', 2, 2, 29, '', '2020-07-03 15:21:40', '2020-07-03 15:21:40'),
(447, 'e41ab9a3-bd40-11ea-8983-c85b76faef09', 'G. HARISH', 'SRINIVAS', '', '9000430430', 'STUDENTS', 2, 2, 29, '', '2020-07-03 15:21:40', '2020-07-03 15:21:40'),
(448, 'e42007ce-bd40-11ea-8983-c85b76faef09', 'K. HARSHITH REDDY', 'K. SRINIVAS REDDY', '', '9948956783', 'STUDENTS', 2, 2, 29, '', '2020-07-03 15:21:40', '2020-07-03 15:21:40'),
(449, 'e425f8ae-bd40-11ea-8983-c85b76faef09', 'A. JESHWANTH', 'A. RAMESH', '', '9700627437', 'STUDENTS', 2, 2, 29, '', '2020-07-03 15:21:41', '2020-07-03 15:21:41'),
(450, 'e4438ed0-bd40-11ea-8983-c85b76faef09', 'GADI. KIRAN KUMAR', 'GADI. VENKATA SUBBA RAJU', '', '9703093327', 'STUDENTS', 2, 2, 29, '', '2020-07-03 15:21:41', '2020-07-03 15:21:41'),
(451, 'e4497b37-bd40-11ea-8983-c85b76faef09', 'M.KRISHNA MOHAN', 'M.VITTAL CHARY', '', '7207417123', 'STUDENTS', 2, 2, 29, '', '2020-07-03 15:21:41', '2020-07-03 15:21:41'),
(452, 'e46445a2-bd40-11ea-8983-c85b76faef09', 'SAMA. MANOJ REDDY', 'SAMA.YADI REDDY', '', '9395511823', 'STUDENTS', 2, 2, 29, '', '2020-07-03 15:21:41', '2020-07-03 15:21:41'),
(453, 'e46e9e87-bd40-11ea-8983-c85b76faef09', 'G. MURALI', 'G.SHANKAR', '', '9949589439', 'STUDENTS', 2, 2, 29, '', '2020-07-03 15:21:41', '2020-07-03 15:21:41'),
(454, 'e4780c8f-bd40-11ea-8983-c85b76faef09', 'PANDULA. MUKESH', 'PANDULA. SALAIAH', '', '6281943025', 'STUDENTS', 2, 2, 29, '', '2020-07-03 15:21:41', '2020-07-03 15:21:41'),
(455, 'e47f9c32-bd40-11ea-8983-c85b76faef09', 'VADTHYAVATH. RAKESH', 'VADTHYAVATH. NARYA', '', '9491630198', 'STUDENTS', 2, 2, 29, '', '2020-07-03 15:21:41', '2020-07-03 15:21:41'),
(456, 'e4857933-bd40-11ea-8983-c85b76faef09', 'J. SAI KUMAR', 'J. VENAKATESH', '', '8801888915', 'STUDENTS', 2, 2, 29, '', '2020-07-03 15:21:41', '2020-07-03 15:21:41'),
(457, 'e48b5f54-bd40-11ea-8983-c85b76faef09', 'VUTUKURI. SRIKAR SAGAR', 'VUTUKURI. RAVI KUMAR SAGAR', '', '7396670164', 'STUDENTS', 2, 2, 29, '', '2020-07-03 15:21:41', '2020-07-03 15:21:41'),
(458, 'e491361b-bd40-11ea-8983-c85b76faef09', 'JELLA. SREESHANTH GOUD', 'JELLA. KRISHNA GOUD', '', '9849404288', 'STUDENTS', 2, 2, 29, '', '2020-07-03 15:21:41', '2020-07-03 15:21:41'),
(459, 'e497b4e2-bd40-11ea-8983-c85b76faef09', 'ACHINI.HARIPRASAD', 'ACHINI,SURESH KUMAR', '', '9705790544', 'STUDENTS', 2, 2, 29, '', '2020-07-03 15:21:41', '2020-07-03 15:21:41'),
(460, 'e49d76e1-bd40-11ea-8983-c85b76faef09', 'AITHAGONI. SIDDHANTH GOUD', 'AITHAGONI.YADAGIRI GOUD', '', '9849345474', 'STUDENTS', 2, 2, 29, '', '2020-07-03 15:21:41', '2020-07-03 15:21:41'),
(461, 'e4a31651-bd40-11ea-8983-c85b76faef09', 'ACHINE.. VIGNESHWAR', 'ACHINE.YADAGIRI', '', '9502324511', 'STUDENTS', 2, 2, 29, '', '2020-07-03 15:21:41', '2020-07-03 15:21:41'),
(465, 'e4c08a56-bd40-11ea-8983-c85b76faef09', 'GURRAM. SHARATH', 'GURRAM.BUCHAIAH', '', '7013175164', 'STUDENTS', 2, 2, 29, '', '2020-07-03 15:21:42', '2020-07-03 15:21:42'),
(467, 'e4d9d82f-bd40-11ea-8983-c85b76faef09', 'D. SHASHANK DATTA', 'D.SAMPURNA NANDA CHARY', '', '9866324319', 'STUDENTS', 2, 2, 29, '', '2020-07-03 15:21:42', '2020-07-03 15:21:42'),
(468, 'e4dfdb52-bd40-11ea-8983-c85b76faef09', 'S. GANESH', 'S.BHADRU', '', '9542602596', 'STUDENTS', 2, 2, 29, '', '2020-07-03 15:21:42', '2020-07-03 15:21:42'),
(469, 'e4e5a398-bd40-11ea-8983-c85b76faef09', 'V. SAMPATH', 'V.NAGARAJ', '', '9397040497', 'STUDENTS', 2, 2, 29, '', '2020-07-03 15:21:42', '2020-07-03 15:21:42'),
(470, 'e4ebd612-bd40-11ea-8983-c85b76faef09', 'MEDAMONI. MADHURI', 'MEDAMONI. DHASHARATH', '', '9494245777', 'STUDENTS', 2, 2, 29, '', '2020-07-03 15:21:42', '2020-07-03 15:21:42'),
(471, 'e4f1d5b3-bd40-11ea-8983-c85b76faef09', 'E.GANESH', 'E.CHANDER', '', '8367233729', 'STUDENTS', 2, 2, 29, '', '2020-07-03 15:21:42', '2020-07-03 15:21:42'),
(472, 'e4fb70db-bd40-11ea-8983-c85b76faef09', 'D.PRATHIK GOUD', 'D.PRABHAKAR GOUD', '', '9177581818', 'STUDENTS', 2, 2, 29, '', '2020-07-03 15:21:42', '2020-07-03 15:21:42'),
(474, '25edbf3c-bd41-11ea-8983-c85b76faef09', 'P.AKSHARA', 'P.NAVEEN', '', '9701683309', 'STUDENTS', 2, 6, 18, '', '2020-07-03 15:23:31', '2020-07-03 15:23:31'),
(475, '25f3b648-bd41-11ea-8983-c85b76faef09', 'C.AKSHAYA', 'C.RAMBABU', '', '8464999366', 'STUDENTS', 2, 6, 18, '', '2020-07-03 15:23:31', '2020-07-03 15:23:31'),
(476, '25f97a78-bd41-11ea-8983-c85b76faef09', 'P.AKSHAYA', 'P.JALANDER', '', '9573536080', 'STUDENTS', 2, 6, 18, '', '2020-07-03 15:23:31', '2020-07-03 15:23:31'),
(477, '25ff7d06-bd41-11ea-8983-c85b76faef09', 'G.BHAVYA SRI', 'G.SHEKER  RAJU', '', '9177381158', 'STUDENTS', 2, 6, 18, '', '2020-07-03 15:23:31', '2020-07-03 15:23:31'),
(478, '26056236-bd41-11ea-8983-c85b76faef09', 'M.BHAVYA SRI', 'M.VENKATESH', '', '9392990639', 'STUDENTS', 2, 6, 18, '', '2020-07-03 15:23:31', '2020-07-03 15:23:31'),
(479, '260b504b-bd41-11ea-8983-c85b76faef09', 'B.JAHNAVI', 'B. RAVI KUMAR', '', '9989787051', 'STUDENTS', 2, 6, 18, '', '2020-07-03 15:23:31', '2020-07-03 15:23:31'),
(481, '261a824d-bd41-11ea-8983-c85b76faef09', 'G.MYTHRI', 'G.SHEKAR', '', '7981787717', 'STUDENTS', 2, 6, 18, '', '2020-07-03 15:23:31', '2020-07-03 15:23:31'),
(482, '26205612-bd41-11ea-8983-c85b76faef09', 'B.NAINIKA', 'B.SHIVA PRASAD', '', '8341674988', 'STUDENTS', 2, 6, 18, '', '2020-07-03 15:23:31', '2020-07-03 15:23:31'),
(483, '2626428b-bd41-11ea-8983-c85b76faef09', 'PARI SAINI', 'RAM NIVAS BHATI', '', '9588827394', 'STUDENTS', 2, 6, 18, '', '2020-07-03 15:23:31', '2020-07-03 15:23:31'),
(485, '263593f2-bd41-11ea-8983-c85b76faef09', 'B.PUSHPANJALI', 'B. ANJANEYULU', '', '7842718818', 'STUDENTS', 2, 6, 18, '', '2020-07-03 15:23:31', '2020-07-03 15:23:31'),
(486, '263ec23e-bd41-11ea-8983-c85b76faef09', 'B.SAHASRA', 'B. NARSINGAM', '', '9959191665', 'STUDENTS', 2, 6, 18, '', '2020-07-03 15:23:31', '2020-07-03 15:23:31'),
(487, '26482521-bd41-11ea-8983-c85b76faef09', 'SAMEERA BEGUM', 'M.D. MOHIN ', '', '9346735911', 'STUDENTS', 2, 6, 18, '', '2020-07-03 15:23:31', '2020-07-03 15:23:31'),
(488, '2653f6ce-bd41-11ea-8983-c85b76faef09', 'S.SNEHA', 'S.VIJAY KUMAR', '', '7013826574', 'STUDENTS', 2, 6, 18, '', '2020-07-03 15:23:32', '2020-07-03 15:23:32'),
(491, '2667bc1c-bd41-11ea-8983-c85b76faef09', 'J.TEJA SREE', 'J.VENKATESH', '', '9912246821', 'STUDENTS', 2, 6, 18, '', '2020-07-03 15:23:32', '2020-07-03 15:23:32'),
(493, '26731f6e-bd41-11ea-8983-c85b76faef09', 'V.AAKASH', 'V. KISHAN NAIK', '', '9182423556', 'STUDENTS', 2, 6, 18, '', '2020-07-03 15:23:32', '2020-07-03 15:23:32'),
(497, '268afabb-bd41-11ea-8983-c85b76faef09', 'P.BHUVANESHWAR', 'P. SHIVA KUMAR', '', '7780481914', 'STUDENTS', 2, 6, 18, '', '2020-07-03 15:23:32', '2020-07-03 15:23:32'),
(498, '2690c998-bd41-11ea-8983-c85b76faef09', 'E.CHARAN', 'E. RATHYA', '', '9640798450', 'STUDENTS', 2, 6, 18, '', '2020-07-03 15:23:32', '2020-07-03 15:23:32'),
(499, '2696a3ee-bd41-11ea-8983-c85b76faef09', 'R.DANA SAHITH', 'R. RAMESH', '', '9059983665', 'STUDENTS', 2, 6, 18, '', '2020-07-03 15:23:32', '2020-07-03 15:23:32'),
(500, '269d17cb-bd41-11ea-8983-c85b76faef09', 'H.DHIRAN', 'H.RAVI KUMAR', '', '9701767575', 'STUDENTS', 2, 6, 18, '', '2020-07-03 15:23:32', '2020-07-03 15:23:32'),
(501, '26a26ef5-bd41-11ea-8983-c85b76faef09', 'E.DINESH', 'E. BHAGAVANTHU', '', '9542101985', 'STUDENTS', 2, 6, 18, '', '2020-07-03 15:23:32', '2020-07-03 15:23:32'),
(502, '26a876a9-bd41-11ea-8983-c85b76faef09', 'P.GIRIDHAR', 'P. SAI NATH', '', '9985506277', 'STUDENTS', 2, 6, 18, '', '2020-07-03 15:23:32', '2020-07-03 15:23:32'),
(504, '26b44191-bd41-11ea-8983-c85b76faef09', 'N.KHETHAN GOUD', 'N. BALA KRISHNA  GOUD', '', '9000705074', 'STUDENTS', 2, 6, 18, '', '2020-07-03 15:23:32', '2020-07-03 15:23:32'),
(506, '26c0dd87-bd41-11ea-8983-c85b76faef09', 'K.LOKESH', 'K. KOTYA NAIK', '', '9705040772', 'STUDENTS', 2, 6, 18, '', '2020-07-03 15:23:32', '2020-07-03 15:23:32'),
(507, '26c795f9-bd41-11ea-8983-c85b76faef09', 'D.MANIKANTA', 'D.SUDHAKAR', '', '7396116620', 'STUDENTS', 2, 6, 18, '', '2020-07-03 15:23:32', '2020-07-03 15:23:32'),
(508, '26ce6538-bd41-11ea-8983-c85b76faef09', 'P.MANIDEEP', 'P.YADAIAH', '', '7382810763', 'STUDENTS', 2, 6, 18, '', '2020-07-03 15:23:32', '2020-07-03 15:23:32'),
(509, '26d5e312-bd41-11ea-8983-c85b76faef09', 'B.NAVADEEP', 'B.PRADEEP', '', '9848633921', 'STUDENTS', 2, 6, 18, '', '2020-07-03 15:23:32', '2020-07-03 15:23:32'),
(510, '26e2c689-bd41-11ea-8983-c85b76faef09', 'R.NAVEEN', 'R.HANUMANTHU', '', '9603556405', 'STUDENTS', 2, 6, 18, '', '2020-07-03 15:23:32', '2020-07-03 15:23:32'),
(512, '270d1047-bd41-11ea-8983-c85b76faef09', 'P.SATHWIK', 'P.YADAGIRI', '', '9182331866', 'STUDENTS', 2, 6, 18, '', '2020-07-03 15:23:33', '2020-07-03 15:23:33'),
(513, '2712c55a-bd41-11ea-8983-c85b76faef09', 'V.VARSHITH', 'V.BALA RAJ', '', '9951455474', 'STUDENTS', 2, 6, 18, '', '2020-07-03 15:23:33', '2020-07-03 15:23:33'),
(514, '2718b3e4-bd41-11ea-8983-c85b76faef09', 'O.VENU', 'O.VENKAT RAO', '', '9908175998', 'STUDENTS', 2, 6, 18, '', '2020-07-03 15:23:33', '2020-07-03 15:23:33'),
(515, '76b2f12d-bd41-11ea-8983-c85b76faef09', 'ALEKYA', 'KRISHNA GOUD', '', '9290277518', 'STUDENTS', 2, 6, 19, '', '2020-07-03 15:25:46', '2020-07-03 15:25:46'),
(516, '76bae63f-bd41-11ea-8983-c85b76faef09', 'G. ANANDI', 'G.MUKUND', '', '9908126507', 'STUDENTS', 2, 6, 19, '', '2020-07-03 15:25:46', '2020-07-03 15:25:46'),
(517, '76c28e57-bd41-11ea-8983-c85b76faef09', 'BHAVYA SAI', 'ANAND', '', '8019577493', 'STUDENTS', 2, 6, 19, '', '2020-07-03 15:25:47', '2020-07-03 15:25:47'),
(519, '76cc92b5-bd41-11ea-8983-c85b76faef09', 'DIVYA', 'PHALGUNA RAO', '', '9440067737', 'STUDENTS', 2, 6, 19, '', '2020-07-03 15:25:47', '2020-07-03 15:25:47'),
(520, '76d0af3f-bd41-11ea-8983-c85b76faef09', 'B. KANAK', 'MADHUSUDHAN', '', '9985102601', 'STUDENTS', 2, 6, 19, '', '2020-07-03 15:25:47', '2020-07-03 15:25:47'),
(521, '76d6b5c1-bd41-11ea-8983-c85b76faef09', 'P. LASYA', 'SHYAM SUNDAR', '', '9703037160', 'STUDENTS', 2, 6, 19, '', '2020-07-03 15:25:47', '2020-07-03 15:25:47'),
(522, '76dadbfb-bd41-11ea-8983-c85b76faef09', 'M. NITHISHA', 'MALLA REDDY', '', '9505999776', 'STUDENTS', 2, 6, 19, '', '2020-07-03 15:25:47', '2020-07-03 15:25:47'),
(523, '76e26c7d-bd41-11ea-8983-c85b76faef09', 'PARI BHAVANI', 'MANSUKH BHAVANI', '', '9866252584', 'STUDENTS', 2, 6, 19, '', '2020-07-03 15:25:47', '2020-07-03 15:25:47'),
(524, '76f007f3-bd41-11ea-8983-c85b76faef09', 'G.PRANAVI', 'G.BALAKRISHNA', '', '9059948887', 'STUDENTS', 2, 6, 19, '', '2020-07-03 15:25:47', '2020-07-03 15:25:47'),
(526, '76fd905a-bd41-11ea-8983-c85b76faef09', 'G.RUTHIKA', 'ANAND', '', '9959564690', 'STUDENTS', 2, 6, 19, '', '2020-07-03 15:25:47', '2020-07-03 15:25:47'),
(527, '7701b1db-bd41-11ea-8983-c85b76faef09', 'K. SAI RAJYA LAXMI', 'NANDA KISHORE', '', '9848726527', 'STUDENTS', 2, 6, 19, '', '2020-07-03 15:25:47', '2020-07-03 15:25:47'),
(528, '7707bcbf-bd41-11ea-8983-c85b76faef09', 'N. SIRI', 'SUDHRSHAN', '', '6300242355', 'STUDENTS', 2, 6, 19, '', '2020-07-03 15:25:47', '2020-07-03 15:25:47'),
(531, '77199895-bd41-11ea-8983-c85b76faef09', 'VEDIKA MANOJ PATEL', 'MANOJ PATEL', '', '9100310562', 'STUDENTS', 2, 6, 19, '', '2020-07-03 15:25:47', '2020-07-03 15:25:47'),
(532, '771f62fe-bd41-11ea-8983-c85b76faef09', 'C. VENNELA', 'RAMULU', '', '9848486423', 'STUDENTS', 2, 6, 19, '', '2020-07-03 15:25:47', '2020-07-03 15:25:47'),
(533, '7723b1db-bd41-11ea-8983-c85b76faef09', 'K. ABHINAYAK', 'NARYA NAIK', '', '9381976428', 'STUDENTS', 2, 6, 19, '', '2020-07-03 15:25:47', '2020-07-03 15:25:47'),
(534, '77297e01-bd41-11ea-8983-c85b76faef09', 'G. AKHIL', 'RAKESH GOUD', '', '8973309999', 'STUDENTS', 2, 6, 19, '', '2020-07-03 15:25:47', '2020-07-03 15:25:47'),
(535, '772ddedf-bd41-11ea-8983-c85b76faef09', 'E. CHITANYA', 'LAKPATHI', '', '9381166736', 'STUDENTS', 2, 6, 19, '', '2020-07-03 15:25:47', '2020-07-03 15:25:47'),
(536, '77339fc1-bd41-11ea-8983-c85b76faef09', 'V. CHARAN TEJA', 'RAMESH', '', '9705449094', 'STUDENTS', 2, 6, 19, '', '2020-07-03 15:25:47', '2020-07-03 15:25:47'),
(539, '77456ef6-bd41-11ea-8983-c85b76faef09', 'K. DURGA PRASAD', 'LAXMINARAYANA', '', '7949412310', 'STUDENTS', 2, 6, 19, '', '2020-07-03 15:25:47', '2020-07-03 15:25:47'),
(540, '774c04e7-bd41-11ea-8983-c85b76faef09', 'M. JAGAN', 'BODKA', '', '9553083792', 'STUDENTS', 2, 6, 19, '', '2020-07-03 15:25:47', '2020-07-03 15:25:47'),
(541, '774f7fa8-bd41-11ea-8983-c85b76faef09', 'N. JASHWANTH', 'SRISAILAM', '', '9666500271', 'STUDENTS', 2, 6, 19, '', '2020-07-03 15:25:47', '2020-07-03 15:25:47'),
(542, '7758826d-bd41-11ea-8983-c85b76faef09', 'T. JAYANTH GOUD', 'SRINIVAS GOUD', '', '9346462888', 'STUDENTS', 2, 6, 19, '', '2020-07-03 15:25:47', '2020-07-03 15:25:47'),
(543, '775d2d92-bd41-11ea-8983-c85b76faef09', 'A. LOKESH REDDY', 'A.BRAHMA REDDY', '', '9704234434', 'STUDENTS', 2, 6, 19, '', '2020-07-03 15:25:48', '2020-07-03 15:25:48'),
(544, '7762e5a1-bd41-11ea-8983-c85b76faef09', 'M. MANJUNATH REDDY', 'CHANDRAMOHAN REDDY', '', '9866253511', 'STUDENTS', 2, 6, 19, '', '2020-07-03 15:25:48', '2020-07-03 15:25:48'),
(547, '7771cfae-bd41-11ea-8983-c85b76faef09', 'P.PRANAY', 'RAMESH', '', '9059800435', 'STUDENTS', 2, 6, 19, '', '2020-07-03 15:25:48', '2020-07-03 15:25:48'),
(549, '778e1a2b-bd41-11ea-8983-c85b76faef09', 'SAMPATH', 'BHANU', '', '9553977334', 'STUDENTS', 2, 6, 19, '', '2020-07-03 15:25:48', '2020-07-03 15:25:48'),
(550, '7793eb75-bd41-11ea-8983-c85b76faef09', 'S. RITEESH', 'NAGARAJU', '', '7386982640', 'STUDENTS', 2, 6, 19, '', '2020-07-03 15:25:48', '2020-07-03 15:25:48'),
(551, '77983b51-bd41-11ea-8983-c85b76faef09', 'S. SANDEEP', 'RATHANLAL', '', '7093509014', 'STUDENTS', 2, 6, 19, '', '2020-07-03 15:25:48', '2020-07-03 15:25:48'),
(552, '779e07cb-bd41-11ea-8983-c85b76faef09', 'B. SATHVIK REDDY', 'SURENDAR REDDY', '', '9705869081', 'STUDENTS', 2, 6, 19, '', '2020-07-03 15:25:48', '2020-07-03 15:25:48'),
(553, '77a258d4-bd41-11ea-8983-c85b76faef09', 'SRIKANTH', 'RAMANJI', '', '9866869553', 'STUDENTS', 2, 6, 19, '', '2020-07-03 15:25:48', '2020-07-03 15:25:48'),
(556, '77b24216-bd41-11ea-8983-c85b76faef09', 'K. VARUN TEJA', 'RAMESH', '', '9705614422', 'STUDENTS', 2, 6, 19, '', '2020-07-03 15:25:48', '2020-07-03 15:25:48'),
(559, 'e49cdd55-bd41-11ea-8983-c85b76faef09', 'K. BHAVANA', 'K.SRINIVAS REDDY', '', '9951953515', 'STUDENTS', 2, 5, 21, '', '2020-07-03 15:28:51', '2020-07-03 15:28:51'),
(560, 'e4a15214-bd41-11ea-8983-c85b76faef09', 'T N .HARSHITHA', 'NARESH KUMAR', '', '9652270741', 'STUDENTS', 2, 5, 21, '', '2020-07-03 15:28:51', '2020-07-03 15:28:51'),
(561, 'e4a6fe9b-bd41-11ea-8983-c85b76faef09', 'V.NAGA SAI HAVISHA SREE', 'V.VAMSHI KRISHNA', '', '9985059097', 'STUDENTS', 2, 5, 21, '', '2020-07-03 15:28:51', '2020-07-03 15:28:51'),
(562, 'e4abb73c-bd41-11ea-8983-c85b76faef09', 'A. JYOSHNA', 'RAMJI', '', '8333966396', 'STUDENTS', 2, 5, 21, '', '2020-07-03 15:28:51', '2020-07-03 15:28:51'),
(566, 'e4c631c3-bd41-11ea-8983-c85b76faef09', 'E.SHILPA', 'LAKPATHI', '', '9000591043', 'STUDENTS', 2, 5, 21, '', '2020-07-03 15:28:51', '2020-07-03 15:28:51'),
(567, 'e4cc130c-bd41-11ea-8983-c85b76faef09', 'E.BHARATH', 'E.RAJU', '', '9959921790', 'STUDENTS', 2, 5, 21, '', '2020-07-03 15:28:51', '2020-07-03 15:28:51'),
(568, 'e4d0544d-bd41-11ea-8983-c85b76faef09', 'CHANDAN BHATI', 'RAMNIVAS BHATI', '', '8005710221', 'STUDENTS', 2, 5, 21, '', '2020-07-03 15:28:51', '2020-07-03 15:28:51'),
(569, 'e4d6935a-bd41-11ea-8983-c85b76faef09', 'M.GOWTHAM KUMAR', 'M.RAMESH KUMAR', '', '9014944902', 'STUDENTS', 2, 5, 21, '', '2020-07-03 15:28:51', '2020-07-03 15:28:51'),
(570, 'e4dc33a0-bd41-11ea-8983-c85b76faef09', 'T.HANISH ROYAL', 'T.MURALI KRISHNA', '', '8919755336', 'STUDENTS', 2, 5, 21, '', '2020-07-03 15:28:51', '2020-07-03 15:28:51'),
(571, 'e4edcc21-bd41-11ea-8983-c85b76faef09', 'VADDEMAN.HARSHA VARDHAN', 'VADDEMAN.BHASKARA CHARY', '', '9440775730', 'STUDENTS', 2, 5, 21, '', '2020-07-03 15:28:51', '2020-07-03 15:28:51'),
(572, 'e4f3d4a3-bd41-11ea-8983-c85b76faef09', 'K.JAGAN GOUD', 'K.MUTHYAM GOUD', '', '7702185360', 'STUDENTS', 2, 5, 21, '', '2020-07-03 15:28:51', '2020-07-03 15:28:51'),
(573, 'e4fb4e53-bd41-11ea-8983-c85b76faef09', 'UPPU.RISHITHA', 'UPPU.SATHAYA NARAYANA', '', '9948152472', 'STUDENTS', 2, 5, 21, '', '2020-07-03 15:28:51', '2020-07-03 15:28:51'),
(574, 'e5056105-bd41-11ea-8983-c85b76faef09', 'KETHAVAT.KARTHIK', 'KETHAVAT.JAWAHARLAL', '', '9553474664', 'STUDENTS', 2, 5, 21, '', '2020-07-03 15:28:51', '2020-07-03 15:28:51'),
(575, 'e519963c-bd41-11ea-8983-c85b76faef09', 'NALLAKOSALA.KOUSHAL', 'NALLAKOSALA.SRINIVAS YADAV', '', '8096989746', 'STUDENTS', 2, 5, 21, '', '2020-07-03 15:28:52', '2020-07-03 15:28:52'),
(576, 'e5268bf7-bd41-11ea-8983-c85b76faef09', 'S.LALITH HRUDAY', 'S.S VENKATA PURUSHOTHAM ', '', '9885577147', 'STUDENTS', 2, 5, 21, '', '2020-07-03 15:28:52', '2020-07-03 15:28:52'),
(577, 'e52c3617-bd41-11ea-8983-c85b76faef09', 'AVULA.LAXMI PRASAD', 'AVULA. RAMESH ', '', '9652677818', 'STUDENTS', 2, 5, 21, '', '2020-07-03 15:28:52', '2020-07-03 15:28:52'),
(578, 'e53236da-bd41-11ea-8983-c85b76faef09', 'S.MANOHAR', 'S.KALYAN ', '', '83673442335', 'STUDENTS', 2, 5, 21, '', '2020-07-03 15:28:52', '2020-07-03 15:28:52'),
(579, 'e537fd02-bd41-11ea-8983-c85b76faef09', 'O.MANIKANTA', 'RAMANUJI', '', '9110304827', 'STUDENTS', 2, 5, 21, '', '2020-07-03 15:28:52', '2020-07-03 15:28:52'),
(581, 'e544e7ba-bd41-11ea-8983-c85b76faef09', 'V.NIKHIL', 'V.BHASKAR', '', '9553026504', 'STUDENTS', 2, 5, 21, '', '2020-07-03 15:28:52', '2020-07-03 15:28:52'),
(585, 'e5595357-bd41-11ea-8983-c85b76faef09', 'CH.SAI CHANDHU', 'CH.JAGADESHWAR CHARY', '', '9704924766', 'STUDENTS', 2, 5, 21, '', '2020-07-03 15:28:52', '2020-07-03 15:28:52'),
(586, 'e55ef0f7-bd41-11ea-8983-c85b76faef09', 'P.SAI NATH REDDY', 'P.SRINIVAS REDDY', '', '9505414010', 'STUDENTS', 2, 5, 21, '', '2020-07-03 15:28:52', '2020-07-03 15:28:52'),
(587, 'e5634f29-bd41-11ea-8983-c85b76faef09', 'T.SRI RAM REDDY', 'T. NARENDAR REDDY', '', '9391111972', 'STUDENTS', 2, 5, 21, '', '2020-07-03 15:28:52', '2020-07-03 15:28:52'),
(588, 'e569120c-bd41-11ea-8983-c85b76faef09', 'CH.SATHYA PRAKASH REDDY', 'CH.VENAKATA REDDY', '', '9948560999', 'STUDENTS', 2, 5, 21, '', '2020-07-03 15:28:52', '2020-07-03 15:28:52'),
(589, 'e56dd97a-bd41-11ea-8983-c85b76faef09', 'A.SATHYA SAI', 'SHIVA KUMAR', '', '9063402336', 'STUDENTS', 2, 5, 21, '', '2020-07-03 15:28:52', '2020-07-03 15:28:52'),
(590, 'e5733338-bd41-11ea-8983-c85b76faef09', 'M.SHIVA MANIKANTA', 'M.DEEPAK', '', '9701933508', 'STUDENTS', 2, 5, 21, '', '2020-07-03 15:28:52', '2020-07-03 15:28:52'),
(591, 'e577bd26-bd41-11ea-8983-c85b76faef09', 'K.UDAY', 'K.SARILAL', '', '8500035805', 'STUDENTS', 2, 5, 21, '', '2020-07-03 15:28:52', '2020-07-03 15:28:52'),
(593, 'e5934b01-bd41-11ea-8983-c85b76faef09', 'V.SAI CHARAN YADAV', 'V.SRISAILAM YADAV', '', '9392691731', 'STUDENTS', 2, 5, 21, '', '2020-07-03 15:28:52', '2020-07-03 15:28:52'),
(596, '3f8315ec-bd42-11ea-8983-c85b76faef09', 'KATTA.ANNIKA', 'KATTA.SUDHIR KUMAR GOUD', '', '9963284377', 'STUDENTS', 2, 5, 22, '', '2020-07-03 15:31:23', '2020-07-03 15:31:23'),
(597, '3f8c6993-bd42-11ea-8983-c85b76faef09', 'GAJOJI.ASHRITHA', 'GAJOJI.SRINIVAS', '', '9948483560', 'STUDENTS', 2, 5, 22, '', '2020-07-03 15:31:23', '2020-07-03 15:31:23'),
(598, '3f92fae2-bd42-11ea-8983-c85b76faef09', 'NEMALIPURI.BHAGYA SREE', 'NEMALIPURI.NAGESHWAR RAO', '', '9700665523', 'STUDENTS', 2, 5, 22, '', '2020-07-03 15:31:23', '2020-07-03 15:31:23'),
(600, '3f9d3b13-bd42-11ea-8983-c85b76faef09', 'BIGALLA.DEVISREE', 'BIGALLA.PANDU RANGAM', '', '9505022356', 'STUDENTS', 2, 5, 22, '', '2020-07-03 15:31:23', '2020-07-03 15:31:23'),
(601, '3fabb196-bd42-11ea-8983-c85b76faef09', 'GADDAM.DIVYA', 'GADDAM.CHANDER', '', '7416341330', 'STUDENTS', 2, 5, 22, '', '2020-07-03 15:31:24', '2020-07-03 15:31:24'),
(602, '3fb266f5-bd42-11ea-8983-c85b76faef09', 'ADAKA.HARSHITHA', 'ADAKA.NAGARAJU', '', '9032248461', 'STUDENTS', 2, 5, 22, '', '2020-07-03 15:31:24', '2020-07-03 15:31:24'),
(604, '3fbc87df-bd42-11ea-8983-c85b76faef09', 'VALLAPUDAS.JAHNAVI', 'VALLAPUDAS.RAGHAVENDER', '', '9573047262', 'STUDENTS', 2, 5, 22, '', '2020-07-03 15:31:24', '2020-07-03 15:31:24'),
(607, '3fcc8ee4-bd42-11ea-8983-c85b76faef09', 'JINAKALA.MANI DEEPA', 'JINAKALA.SRINIVAS', '', '9347277767', 'STUDENTS', 2, 5, 22, '', '2020-07-03 15:31:24', '2020-07-03 15:31:24'),
(608, '3fd1a585-bd42-11ea-8983-c85b76faef09', 'BODDU.NAVYA SREE', 'B.BIKSHAPATHI', '', '9398720573', 'STUDENTS', 2, 5, 22, '', '2020-07-03 15:31:24', '2020-07-03 15:31:24'),
(610, '3fe409b6-bd42-11ea-8983-c85b76faef09', 'G.SRIVANI', 'G.VENKATESH', '', '9640641058', 'STUDENTS', 2, 5, 22, '', '2020-07-03 15:31:24', '2020-07-03 15:31:24'),
(612, '3fee5e80-bd42-11ea-8983-c85b76faef09', 'KOMATI.VARSHINI', 'KOMATI.SRINIVAS', '', '9505758020', 'STUDENTS', 2, 5, 22, '', '2020-07-03 15:31:24', '2020-07-03 15:31:24'),
(613, '3ff5f063-bd42-11ea-8983-c85b76faef09', 'RAMAVATH.VAISHNAVI', 'R.JABBER LAL', '', '9989979888', 'STUDENTS', 2, 5, 22, '', '2020-07-03 15:31:24', '2020-07-03 15:31:24'),
(615, '40001596-bd42-11ea-8983-c85b76faef09', 'BODUPALLY.AGRAJ KUMAR', 'BODDUPALLY.RAJU KUMAR', '', '9492504377', 'STUDENTS', 2, 5, 22, '', '2020-07-03 15:31:24', '2020-07-03 15:31:24'),
(616, '4006aa14-bd42-11ea-8983-c85b76faef09', 'V.AKHIL', 'V.YADA GIRI', '', '9346673341', 'STUDENTS', 2, 5, 22, '', '2020-07-03 15:31:24', '2020-07-03 15:31:24'),
(617, '400a39fe-bd42-11ea-8983-c85b76faef09', 'K.AYUSHMAN', 'K.ARJUN RAO', '', '8501084990', 'STUDENTS', 2, 5, 22, '', '2020-07-03 15:31:24', '2020-07-03 15:31:24'),
(619, '4014669a-bd42-11ea-8983-c85b76faef09', 'T.DEEKSHITH REDDY', 'T.SURENDER REDDY', '', '9133331338', 'STUDENTS', 2, 5, 22, '', '2020-07-03 15:31:24', '2020-07-03 15:31:24'),
(621, '401e7fdb-bd42-11ea-8983-c85b76faef09', 'K.KRISHNA YADAV', 'K.UMESH YADAV', '', '8790667169', 'STUDENTS', 2, 5, 22, '', '2020-07-03 15:31:24', '2020-07-03 15:31:24'),
(622, '40248645-bd42-11ea-8983-c85b76faef09', 'GURAPPU.MANIDEEP GOUD', 'GURAPPU.PANDU RANGA GOUD', '', '9440566663', 'STUDENTS', 2, 5, 22, '', '2020-07-03 15:31:24', '2020-07-03 15:31:24'),
(623, '4028a003-bd42-11ea-8983-c85b76faef09', 'VALLEPU.PREM SAGAR', 'VALLEPU.VIJAY', '', '9030722720', 'STUDENTS', 2, 5, 22, '', '2020-07-03 15:31:24', '2020-07-03 15:31:24'),
(624, '402e616e-bd42-11ea-8983-c85b76faef09', 'G.SAI CHARAN', 'G.RAJINI KANTH', '', '9989432432', 'STUDENTS', 2, 5, 22, '', '2020-07-03 15:31:24', '2020-07-03 15:31:24'),
(625, '4032d609-bd42-11ea-8983-c85b76faef09', 'P.SAI MANIKANTA', 'P. SAI SATHISH', '', '9391374822', 'STUDENTS', 2, 5, 22, '', '2020-07-03 15:31:24', '2020-07-03 15:31:24'),
(626, '40389274-bd42-11ea-8983-c85b76faef09', 'G.SATHISH KUMAR REDDY', 'G.MADHU BABU', '', '9959318626', 'STUDENTS', 2, 5, 22, '', '2020-07-03 15:31:24', '2020-07-03 15:31:24'),
(627, '404a77e0-bd42-11ea-8983-c85b76faef09', 'N.SHARATH CHANDRA', 'N.SRINIVAS', '', '9640871143', 'STUDENTS', 2, 5, 22, '', '2020-07-03 15:31:25', '2020-07-03 15:31:25'),
(629, '4054a00e-bd42-11ea-8983-c85b76faef09', 'VARALA.SIDDARTH', 'VARALA.RAMA KRISHNA', '', '8885748917', 'STUDENTS', 2, 5, 22, '', '2020-07-03 15:31:25', '2020-07-03 15:31:25'),
(630, '405dd0e7-bd42-11ea-8983-c85b76faef09', 'G.SREEKAR YADAV', 'G.RAMULU', '', '9700074245', 'STUDENTS', 2, 5, 22, '', '2020-07-03 15:31:25', '2020-07-03 15:31:25'),
(632, '978be3c9-bd42-11ea-8983-c85b76faef09', 'HANSIKA MEKALA', 'RATNAKAR.M', '', '9701947790', 'STUDENTS', 2, 4, 24, '', '2020-07-03 15:33:51', '2020-07-03 15:33:51'),
(633, '97906b60-bd42-11ea-8983-c85b76faef09', 'KUMBAM.HASINI', 'K.VENKANNA', '', '7997440857', 'STUDENTS', 2, 4, 24, '', '2020-07-03 15:33:51', '2020-07-03 15:33:51'),
(635, '979ab339-bd42-11ea-8983-c85b76faef09', 'PANDULA.MOUNIKA', 'PANDULA SALAIAH', '', '8309808694', 'STUDENTS', 2, 4, 24, '', '2020-07-03 15:33:51', '2020-07-03 15:33:51'),
(637, '97a4fe69-bd42-11ea-8983-c85b76faef09', 'KONKATHI.NEHARI', 'KONKATHI NARASIMHA SWAMY', '', '9848308430', 'STUDENTS', 2, 4, 24, '', '2020-07-03 15:33:51', '2020-07-03 15:33:51'),
(638, '97aa7a76-bd42-11ea-8983-c85b76faef09', 'CH.RUTH ANJEL', 'CH.RAMESH', '', '9848122360', 'STUDENTS', 2, 4, 24, '', '2020-07-03 15:33:51', '2020-07-03 15:33:51'),
(639, '97aef746-bd42-11ea-8983-c85b76faef09', 'K.SANJANA', 'K.NAGARAJU', '', '9866208656', 'STUDENTS', 2, 4, 24, '', '2020-07-03 15:33:51', '2020-07-03 15:33:51'),
(640, '97b49f00-bd42-11ea-8983-c85b76faef09', 'KANAPARTI .VARSHITHA', 'K.RAVI', '', '9666539559', 'STUDENTS', 2, 4, 24, '', '2020-07-03 15:33:51', '2020-07-03 15:33:51'),
(641, '97ba8573-bd42-11ea-8983-c85b76faef09', 'P.BALU', 'P PARASHURAM', '', '9989190253', 'STUDENTS', 2, 4, 24, '', '2020-07-03 15:33:51', '2020-07-03 15:33:51'),
(642, '97c2a38e-bd42-11ea-8983-c85b76faef09', 'S.CHARAN TEJA', 'S.YADAGIRI', '', '9160184071', 'STUDENTS', 2, 4, 24, '', '2020-07-03 15:33:51', '2020-07-03 15:33:51'),
(645, '97e1a3fb-bd42-11ea-8983-c85b76faef09', 'V.NIKHIL', 'V.SANJEEVA RAO', '', '9440919582', 'STUDENTS', 2, 4, 24, '', '2020-07-03 15:33:52', '2020-07-03 15:33:52'),
(647, '97ebddcf-bd42-11ea-8983-c85b76faef09', 'M.NIKHIL', 'M.LAXMAIAH', '', '8341413721', 'STUDENTS', 2, 4, 24, '', '2020-07-03 15:33:52', '2020-07-03 15:33:52'),
(648, '97f15ecb-bd42-11ea-8983-c85b76faef09', 'ORCHU .VENKATA PAVAN', 'ORCHU VENKATA GURA', '', '9490390938', 'STUDENTS', 2, 4, 24, '', '2020-07-03 15:33:52', '2020-07-03 15:33:52'),
(651, '981ba66c-bd42-11ea-8983-c85b76faef09', 'MAMILLA .SAI CHARAN', 'MAMILLAPALLY BALARAJU', '', '6301932442', 'STUDENTS', 2, 4, 24, '', '2020-07-03 15:33:52', '2020-07-03 15:33:52'),
(652, '982016b9-bd42-11ea-8983-c85b76faef09', 'E.SAI MANI', 'RAJ KUMMAR', '', '9912777529', 'STUDENTS', 2, 4, 24, '', '2020-07-03 15:33:52', '2020-07-03 15:33:52'),
(653, '98268550-bd42-11ea-8983-c85b76faef09', 'JILLELA .SHARAN TEJA REDDY', 'JILLELA BHUCHI REDDY', '', '9032757907', 'STUDENTS', 2, 4, 24, '', '2020-07-03 15:33:52', '2020-07-03 15:33:52'),
(654, '982a45fe-bd42-11ea-8983-c85b76faef09', 'K.SHIVA SAI', 'K. RAMULU', '', '96666448214', 'STUDENTS', 2, 4, 24, '', '2020-07-03 15:33:52', '2020-07-03 15:33:52'),
(655, '983016a8-bd42-11ea-8983-c85b76faef09', 'P.SHIVA MANI KANTA', 'P.CHANDRAIAH', '', '9948913253', 'STUDENTS', 2, 4, 24, '', '2020-07-03 15:33:52', '2020-07-03 15:33:52'),
(656, '983787d5-bd42-11ea-8983-c85b76faef09', 'V.VARUN KUMAR', 'V.SAILU', '', '8297816379', 'STUDENTS', 2, 4, 24, '', '2020-07-03 15:33:52', '2020-07-03 15:33:52'),
(661, 'f27e6beb-bd42-11ea-8983-c85b76faef09', 'ANJANI LAXMI.THATI', 'SRINIVAS.THATI', '', '966647140', 'STUDENTS', 2, 4, 25, '', '2020-07-03 15:36:24', '2020-07-03 15:36:24'),
(662, 'f284042d-bd42-11ea-8983-c85b76faef09', 'HARIKA JYOSHNA.REVURI', 'VEERABHADRA CHARY.REVURI', '', '9502952806', 'STUDENTS', 2, 4, 25, '', '2020-07-03 15:36:24', '2020-07-03 15:36:24'),
(664, 'f28fb9a8-bd42-11ea-8983-c85b76faef09', 'JHANSI.ANALA', 'ADUKONDAL', '', '9908167709', 'STUDENTS', 2, 4, 25, '', '2020-07-03 15:36:24', '2020-07-03 15:36:24'),
(667, 'f29f2efc-bd42-11ea-8983-c85b76faef09', 'NANDINI ', 'SRI HARI REDDY', '', '9885778772', 'STUDENTS', 2, 4, 25, '', '2020-07-03 15:36:24', '2020-07-03 15:36:24'),
(668, 'f2a5208b-bd42-11ea-8983-c85b76faef09', 'RUSHWESHWARI.KUTHATI', 'BUCHAIAH.KUTHATI', '', '9705394188', 'STUDENTS', 2, 4, 25, '', '2020-07-03 15:36:24', '2020-07-03 15:36:24'),
(670, 'f2b11c5a-bd42-11ea-8983-c85b76faef09', 'SRI VARSHINI.AMBATI', 'SRI PAL RAJU AMBATI', '', '8309218791', 'STUDENTS', 2, 4, 25, '', '2020-07-03 15:36:24', '2020-07-03 15:36:24'),
(671, 'f2b6d256-bd42-11ea-8983-c85b76faef09', 'P.SINDHURITHA', 'P.YADAGIRI', '', '9848252505', 'STUDENTS', 2, 4, 25, '', '2020-07-03 15:36:24', '2020-07-03 15:36:24'),
(672, 'f2c5f341-bd42-11ea-8983-c85b76faef09', 'P.VARSHU', 'SHAI NATH PUPPALA', '', '9492728294', 'STUDENTS', 2, 4, 25, '', '2020-07-03 15:36:24', '2020-07-03 15:36:24'),
(673, 'f2cc17ef-bd42-11ea-8983-c85b76faef09', 'YASHASWINI.POLA', 'SAI BABU.POLA', '', '7989980475', 'STUDENTS', 2, 4, 25, '', '2020-07-03 15:36:24', '2020-07-03 15:36:24'),
(675, 'f2d98096-bd42-11ea-8983-c85b76faef09', 'G.BHARGAV REDDY', 'SITARAM REDDY', '', '8500167614', 'STUDENTS', 2, 4, 25, '', '2020-07-03 15:36:24', '2020-07-03 15:36:24'),
(676, 'f2df66c8-bd42-11ea-8983-c85b76faef09', 'P.DINESH REDDY', 'ANAND REDDY', '', '9396202495', 'STUDENTS', 2, 4, 25, '', '2020-07-03 15:36:24', '2020-07-03 15:36:24'),
(677, 'f2e3bbca-bd42-11ea-8983-c85b76faef09', 'DINESH BABU', 'SIDDAIAH', '', '9652428903', 'STUDENTS', 2, 4, 25, '', '2020-07-03 15:36:24', '2020-07-03 15:36:24'),
(679, 'f2ee09c7-bd42-11ea-8983-c85b76faef09', 'MD MOSIN', 'MD.MOHIN', '', '9441426231', 'STUDENTS', 2, 4, 25, '', '2020-07-03 15:36:24', '2020-07-03 15:36:24'),
(680, 'f2f3b195-bd42-11ea-8983-c85b76faef09', 'MANISH KUMAR', 'DHANJANJANEYULU', '', '9441859519', 'STUDENTS', 2, 4, 25, '', '2020-07-03 15:36:24', '2020-07-03 15:36:24'),
(681, 'f2f8292b-bd42-11ea-8983-c85b76faef09', 'P.PRANAV', 'SHANKARAIAH', '', '9490470571', 'STUDENTS', 2, 4, 25, '', '2020-07-03 15:36:24', '2020-07-03 15:36:24'),
(683, 'f302348d-bd42-11ea-8983-c85b76faef09', 'RAMDEV RAJ PUROHITH', 'ASHOK', '', '6281323645', 'STUDENTS', 2, 4, 25, '', '2020-07-03 15:36:24', '2020-07-03 15:36:24'),
(684, 'f307eaf1-bd42-11ea-8983-c85b76faef09', 'ROHITH SHIVA REDDY', 'MAHENDER REDDY', '', '7997594651', 'STUDENTS', 2, 4, 25, '', '2020-07-03 15:36:24', '2020-07-03 15:36:24'),
(685, 'f30c5212-bd42-11ea-8983-c85b76faef09', 'B.RITESH', 'PANDU RANGAM', '', '9010103658', 'STUDENTS', 2, 4, 25, '', '2020-07-03 15:36:25', '2020-07-03 15:36:25'),
(687, 'f31854ff-bd42-11ea-8983-c85b76faef09', 'E.SRUJAN GOUD', 'MALLESH GOUD.E', '', '9505284123', 'STUDENTS', 2, 4, 25, '', '2020-07-03 15:36:25', '2020-07-03 15:36:25'),
(689, 'f3291ce2-bd42-11ea-8983-c85b76faef09', 'VISHNU VARDHAN  NAGILLA', 'SANTHOSH KUMAR NAGILLA', '', '9704173244', 'STUDENTS', 2, 4, 25, '', '2020-07-03 15:36:25', '2020-07-03 15:36:25'),
(692, '425c0d0c-bd43-11ea-8983-c85b76faef09', 'N.GEETHIKA', 'N.APPA REDDY', '', '8008687018', 'STUDENTS', 2, 3, 27, '', '2020-07-03 15:38:38', '2020-07-03 15:38:38'),
(693, '42623eee-bd43-11ea-8983-c85b76faef09', 'B.HARITHA', 'B.BALRAJ', '', '9247459579', 'STUDENTS', 2, 3, 27, '', '2020-07-03 15:38:38', '2020-07-03 15:38:38'),
(694, '4269692e-bd43-11ea-8983-c85b76faef09', 'YALALA.HASINI', 'YALALA.YADAIAH', '', '9246879144', 'STUDENTS', 2, 3, 27, '', '2020-07-03 15:38:38', '2020-07-03 15:38:38'),
(695, '4270635e-bd43-11ea-8983-c85b76faef09', 'THATIKONDA.JEEVANA', 'THATIKONDA.SUDERSHAN', '', '9959319245', 'STUDENTS', 2, 3, 27, '', '2020-07-03 15:38:38', '2020-07-03 15:38:38'),
(696, '4277244e-bd43-11ea-8983-c85b76faef09', 'A.JESSICA', 'A.RAMJI', '', '8074971408', 'STUDENTS', 2, 3, 27, '', '2020-07-03 15:38:38', '2020-07-03 15:38:38'),
(698, '4286641a-bd43-11ea-8983-c85b76faef09', 'NAKKA LAXMIPRASANNA', 'NAKKA.LAXMAIAH', '', '9866757999', 'STUDENTS', 2, 3, 27, '', '2020-07-03 15:38:38', '2020-07-03 15:38:38'),
(699, '428c864d-bd43-11ea-8983-c85b76faef09', 'CH.MOUNIKA', 'CH.PANDARAIAH', '', '7330904226', 'STUDENTS', 2, 3, 27, '', '2020-07-03 15:38:38', '2020-07-03 15:38:38'),
(701, '4298fc17-bd43-11ea-8983-c85b76faef09', 'B.POOJA YADAV', 'B.SWAMY YADAV', '', '9666139330', 'STUDENTS', 2, 3, 27, '', '2020-07-03 15:38:38', '2020-07-03 15:38:38'),
(707, '42de480c-bd43-11ea-8983-c85b76faef09', 'V.SRIVANI', 'V.SOMLA', '', '9640569945', 'STUDENTS', 2, 3, 27, '', '2020-07-03 15:38:38', '2020-07-03 15:38:38'),
(708, '42e61bca-bd43-11ea-8983-c85b76faef09', 'MERUGU.SRINIDHI', 'MERUGU.RAVI', '', '9966100992', 'STUDENTS', 2, 3, 27, '', '2020-07-03 15:38:38', '2020-07-03 15:38:38'),
(713, '430a2f16-bd43-11ea-8983-c85b76faef09', 'S.VENNELA GOUD', 'SUBHASH GOUD', '', '9666490771', 'STUDENTS', 2, 3, 27, '', '2020-07-03 15:38:39', '2020-07-03 15:38:39'),
(714, '430e9756-bd43-11ea-8983-c85b76faef09', 'SHEELAM. VINEELA', 'SHEELAM.SURESH', '', '9959401793', 'STUDENTS', 2, 3, 27, '', '2020-07-03 15:38:39', '2020-07-03 15:38:39'),
(715, '431554d4-bd43-11ea-8983-c85b76faef09', 'V.ABHIRAM', 'V,YADAGIRI', '', '9059565503', 'STUDENTS', 2, 3, 27, '', '2020-07-03 15:38:39', '2020-07-03 15:38:39'),
(719, '433075a8-bd43-11ea-8983-c85b76faef09', 'J.BHUVAN', 'J.MANYA', '', '9441425711', 'STUDENTS', 2, 3, 27, '', '2020-07-03 15:38:39', '2020-07-03 15:38:39'),
(720, '4357f2f7-bd43-11ea-8983-c85b76faef09', 'J.CHANDU', 'J.VENKATESH', '', '9505660559', 'STUDENTS', 2, 3, 27, '', '2020-07-03 15:38:39', '2020-07-03 15:38:39'),
(721, '435e2118-bd43-11ea-8983-c85b76faef09', 'K.DHANUSH', 'K.SRINIVAS', '', '9666245779', 'STUDENTS', 2, 3, 27, '', '2020-07-03 15:38:39', '2020-07-03 15:38:39'),
(722, '436a673a-bd43-11ea-8983-c85b76faef09', 'V.GOPI CHAND', 'V.NAGESH', '', '9505520868', 'STUDENTS', 2, 3, 27, '', '2020-07-03 15:38:39', '2020-07-03 15:38:39'),
(724, '43781681-bd43-11ea-8983-c85b76faef09', 'P.JAGADEESH', 'P.RAMULU', '', '9000153163', 'STUDENTS', 2, 3, 27, '', '2020-07-03 15:38:39', '2020-07-03 15:38:39'),
(725, '4380788b-bd43-11ea-8983-c85b76faef09', 'K.KARTHIK', 'K.NAGESHWAR RAO', '', '7093603379', 'STUDENTS', 2, 3, 27, '', '2020-07-03 15:38:39', '2020-07-03 15:38:39'),
(727, '438f44e5-bd43-11ea-8983-c85b76faef09', 'NISHANTH', 'SRINIVAS', '', '9666471403', 'STUDENTS', 2, 3, 27, '', '2020-07-03 15:38:40', '2020-07-03 15:38:40'),
(728, '439671c5-bd43-11ea-8983-c85b76faef09', 'N.ROHITH', 'N.NAGESHWAR RAO', '', '8686663552', 'STUDENTS', 2, 3, 27, '', '2020-07-03 15:38:40', '2020-07-03 15:38:40'),
(729, '439ed1d7-bd43-11ea-8983-c85b76faef09', 'G.SAI NATH', 'G.BALRAJ', '', '9177856018', 'STUDENTS', 2, 3, 27, '', '2020-07-03 15:38:40', '2020-07-03 15:38:40'),
(730, '43a5946e-bd43-11ea-8983-c85b76faef09', 'D.SANDEEP KUMAR', 'D.VIJAY KUMAR', '', '9912465916', 'STUDENTS', 2, 3, 27, '', '2020-07-03 15:38:40', '2020-07-03 15:38:40'),
(731, '43b342cf-bd43-11ea-8983-c85b76faef09', 'P.SAI TEJA', 'RAJU', '', '9603757683', 'STUDENTS', 2, 3, 27, '', '2020-07-03 15:38:40', '2020-07-03 15:38:40'),
(732, '43b79a2e-bd43-11ea-8983-c85b76faef09', 'R.SAI RAM DEV', 'JABBERALL', '', '9963009888', 'STUDENTS', 2, 3, 27, '', '2020-07-03 15:38:40', '2020-07-03 15:38:40'),
(733, '43be39ce-bd43-11ea-8983-c85b76faef09', 'B.UDAY KIRAN', 'B.MALLESH', '', '9392743035', 'STUDENTS', 2, 3, 27, '', '2020-07-03 15:38:40', '2020-07-03 15:38:40'),
(734, '43c79a7f-bd43-11ea-8983-c85b76faef09', 'N.SUNIL', 'N.GOPAL', '', '9666474098', 'STUDENTS', 2, 3, 27, '', '2020-07-03 15:38:40', '2020-07-03 15:38:40'),
(735, '43e91cb3-bd43-11ea-8983-c85b76faef09', 'CH.VIKAS CHARY', 'CH.SASHIKANTH CHARY', '', '9912156828', 'STUDENTS', 2, 3, 27, '', '2020-07-03 15:38:40', '2020-07-03 15:38:40'),
(736, '43f2ba6b-bd43-11ea-8983-c85b76faef09', 'B.YAGNESH', 'B.MADHUSUDHAN', '', '9392086468', 'STUDENTS', 2, 3, 27, '', '2020-07-03 15:38:40', '2020-07-03 15:38:40'),
(738, '440e885f-bd43-11ea-8983-c85b76faef09', 'J.SUSHANTH', 'J.SAI KUMAR', '', '9849736375', 'STUDENTS', 2, 3, 27, '', '2020-07-03 15:38:40', '2020-07-03 15:38:40'),
(740, 'd886f961-bd43-11ea-8983-c85b76faef09', 'JAKKU.HANSIKA REDDY', 'JAKKU.ALWAL REDDY', '', '9848636466', 'STUDENTS', 2, 1, 31, '', '2020-07-03 15:42:50', '2020-07-03 15:42:50'),
(742, 'd89117f7-bd43-11ea-8983-c85b76faef09', 'BABBURI.ISHVIKA', 'BABBURISUDHEER KUMAR', '', '8465859192', 'STUDENTS', 2, 1, 31, '', '2020-07-03 15:42:50', '2020-07-03 15:42:50'),
(743, 'd8959807-bd43-11ea-8983-c85b76faef09', 'G.LAXMI PRASANNA', 'G.GANESH GOUD', '', '8309541094', 'STUDENTS', 2, 1, 31, '', '2020-07-03 15:42:50', '2020-07-03 15:42:50'),
(745, 'd8a16f06-bd43-11ea-8983-c85b76faef09', 'AKULA.POOJITHA', 'AKULA. BALRAJ', '', '9014460985', 'STUDENTS', 2, 1, 31, '', '2020-07-03 15:42:50', '2020-07-03 15:42:50'),
(746, 'd8a7074f-bd43-11ea-8983-c85b76faef09', 'SYVA.PRASANNA ROOPA', 'SYVA. SRINIVAS', '', '9701279796', 'STUDENTS', 2, 1, 31, '', '2020-07-03 15:42:50', '2020-07-03 15:42:50'),
(747, 'd8abdad2-bd43-11ea-8983-c85b76faef09', 'KATRAVATH.PRIYANKA', 'KATRAVATH. SARILAL', '', '9505805748', 'STUDENTS', 2, 1, 31, '', '2020-07-03 15:42:50', '2020-07-03 15:42:50'),
(748, 'd8b11cbf-bd43-11ea-8983-c85b76faef09', 'RAPOLE.RESHMA REDDY', 'RAPOLE. MAHIPAL REDDY', '', '9542965107', 'STUDENTS', 2, 1, 31, '', '2020-07-03 15:42:50', '2020-07-03 15:42:50'),
(749, 'd8b5c08f-bd43-11ea-8983-c85b76faef09', 'KANDURI.SAI VAISHNAVI', 'KANDURI. MADHU CHARY', '', '9346352585', 'STUDENTS', 2, 1, 31, '', '2020-07-03 15:42:50', '2020-07-03 15:42:50'),
(750, 'd8bb4160-bd43-11ea-8983-c85b76faef09', 'KOTTAM.SATHWIKA REDDY', 'K. PURENDER REDDY', '', '8317615506', 'STUDENTS', 2, 1, 31, '', '2020-07-03 15:42:50', '2020-07-03 15:42:50'),
(751, 'd8bfcaa8-bd43-11ea-8983-c85b76faef09', 'SOMPURAM.SRAVYA', 'SOMPURAM. VEERA SWAMY', '', '9106498404', 'STUDENTS', 2, 1, 31, '', '2020-07-03 15:42:50', '2020-07-03 15:42:50'),
(753, 'd8ca16a6-bd43-11ea-8983-c85b76faef09', 'BONDUGULA.VAISHNAVI', 'BONDUGULA. SRINIVAS CHARY', '', '9705208989', 'STUDENTS', 2, 1, 31, '', '2020-07-03 15:42:50', '2020-07-03 15:42:50'),
(754, 'd8cf9dc4-bd43-11ea-8983-c85b76faef09', 'CHININGI.VAISHNAVI', 'CHINING.BABU', '', '9652970890', 'STUDENTS', 2, 1, 31, '', '2020-07-03 15:42:50', '2020-07-03 15:42:50'),
(755, 'd8d430a6-bd43-11ea-8983-c85b76faef09', 'ANANTH  KARANAM', 'RAGHAVENDRA RAO   KARANAM', '', '9849972803', 'STUDENTS', 2, 1, 31, '', '2020-07-03 15:42:50', '2020-07-03 15:42:50'),
(756, 'd8d9b60c-bd43-11ea-8983-c85b76faef09', 'MAKAM.ARYAN', 'MAKAM. SUDHAKAR', '', '9346889394', 'STUDENTS', 2, 1, 31, '', '2020-07-03 15:42:50', '2020-07-03 15:42:50'),
(757, 'd8de3766-bd43-11ea-8983-c85b76faef09', 'K.BHARGAV', 'K.SRINIVAS', '', '9618853813', 'STUDENTS', 2, 1, 31, '', '2020-07-03 15:42:50', '2020-07-03 15:42:50'),
(759, 'd8ee3dbe-bd43-11ea-8983-c85b76faef09', 'KANCHARLA.GANESH', 'KANCHARLA.MALLESH', '', '8341208927', 'STUDENTS', 2, 1, 31, '', '2020-07-03 15:42:50', '2020-07-03 15:42:50'),
(760, 'd8f2a086-bd43-11ea-8983-c85b76faef09', 'K.HARSHA VARDHAN GOUD', 'K.KARUNAKAR GOUD', '', '9542647896', 'STUDENTS', 2, 1, 31, '', '2020-07-03 15:42:50', '2020-07-03 15:42:50'),
(761, 'd8f84374-bd43-11ea-8983-c85b76faef09', 'B.KALYAN YADAV', 'B. SWAMY YADAV', '', '9010718389', 'STUDENTS', 2, 1, 31, '', '2020-07-03 15:42:50', '2020-07-03 15:42:50'),
(762, 'd8fcd6ab-bd43-11ea-8983-c85b76faef09', 'BIROJU.KOUSHIK CHARY', 'BIROJU.NAGESH CHARY', '', '9110389247', 'STUDENTS', 2, 1, 31, '', '2020-07-03 15:42:50', '2020-07-03 15:42:50'),
(763, 'd9027591-bd43-11ea-8983-c85b76faef09', 'NANDAN PATEL', 'HIMMAT PATEL', '', '8686101777', 'STUDENTS', 2, 1, 31, '', '2020-07-03 15:42:50', '2020-07-03 15:42:50'),
(765, 'd91a0cae-bd43-11ea-8983-c85b76faef09', 'K.NITISH SAGAR', 'K.SRINIVAS', '', '7702189026', 'STUDENTS', 2, 1, 31, '', '2020-07-03 15:42:50', '2020-07-03 15:42:50'),
(766, 'd91ef042-bd43-11ea-8983-c85b76faef09', 'A.PRADEEP', 'A. PADMA RAO', '', '9676542063', 'STUDENTS', 2, 1, 31, '', '2020-07-03 15:42:51', '2020-07-03 15:42:51'),
(768, 'd929293a-bd43-11ea-8983-c85b76faef09', 'K.SAI RITHVIK', 'K.RADHA KRISHNA', '', '9393557616', 'STUDENTS', 2, 1, 31, '', '2020-07-03 15:42:51', '2020-07-03 15:42:51'),
(769, 'd92db7d8-bd43-11ea-8983-c85b76faef09', 'VANGURI.SANDEEP', 'VANGURI.BIKSHAPATHI', '', '9912742357', 'STUDENTS', 2, 1, 31, '', '2020-07-03 15:42:51', '2020-07-03 15:42:51'),
(772, 'd9423d3f-bd43-11ea-8983-c85b76faef09', 'P.SRINATH REDDY', 'P.SRINIVAS REDDY', '', '97055812304', 'STUDENTS', 2, 1, 31, '', '2020-07-03 15:42:51', '2020-07-03 15:42:51'),
(773, 'd9495929-bd43-11ea-8983-c85b76faef09', 'AVULA.TARUN', 'AVULA.KRISHNA', '', '96760996320', 'STUDENTS', 2, 1, 31, '', '2020-07-03 15:42:51', '2020-07-03 15:42:51'),
(774, 'd94dd055-bd43-11ea-8983-c85b76faef09', 'AMGOTHU.VENKATESH', 'AMGOTHU.LALIYA NAIK', '', '6303080220', 'STUDENTS', 2, 1, 31, '', '2020-07-03 15:42:51', '2020-07-03 15:42:51');
INSERT INTO `users` (`id`, `uuid`, `name`, `father_name`, `email`, `mobile`, `role`, `branch_id`, `class_id`, `section_id`, `image`, `created_dt`, `modified_dt`) VALUES
(776, 'd9600576-bd43-11ea-8983-c85b76faef09', 'GUDURU.VISHAL SUNDER', 'G. VISHWARUPA CHARY', '', '9440938728', 'STUDENTS', 2, 1, 31, '', '2020-07-03 15:42:51', '2020-07-03 15:42:51'),
(777, 'f9314db6-bd4a-11ea-8983-c85b76faef09', 'Y.HIRANYA', 'ANIL', '', '7729863464', 'STUDENTS', 2, 10, 1, '', '2020-07-03 16:33:51', '2020-07-03 16:33:51'),
(778, 'f93d33ba-bd4a-11ea-8983-c85b76faef09', 'R.SAHASRA', 'SATISH KUMAR', '', '6305641004', 'STUDENTS', 2, 10, 1, '', '2020-07-03 16:33:51', '2020-07-03 16:33:51'),
(779, 'f941e0e6-bd4a-11ea-8983-c85b76faef09', 'M.ANUDEEP', 'MALLESH', '', '6304052164', 'STUDENTS', 2, 10, 1, '', '2020-07-03 16:33:51', '2020-07-03 16:33:51'),
(780, 'f94767d6-bd4a-11ea-8983-c85b76faef09', 'SAI SAHAJ', 'RADHA KRISHNA', '', '8686284833', 'STUDENTS', 2, 10, 1, '', '2020-07-03 16:33:51', '2020-07-03 16:33:51'),
(781, 'f94f4301-bd4a-11ea-8983-c85b76faef09', 'RISHIKA', 'RAMESH', '', '7093031317', 'STUDENTS', 2, 10, 1, '', '2020-07-03 16:33:51', '2020-07-03 16:33:51'),
(782, 'f95b97c2-bd4a-11ea-8983-c85b76faef09', 'BHARATH', 'NARENDER', '', '9866540155', 'STUDENTS', 2, 10, 1, '', '2020-07-03 16:33:51', '2020-07-03 16:33:51'),
(783, 'f966daf4-bd4a-11ea-8983-c85b76faef09', 'M.VENNELA KEERTHI', 'RAMA LINGAIAH', '', '9848196563', 'STUDENTS', 2, 10, 1, '', '2020-07-03 16:33:51', '2020-07-03 16:33:51'),
(784, 'f96fc955-bd4a-11ea-8983-c85b76faef09', 'C.APARNA', 'C.DEEPRAJ', '', '8074513157', 'STUDENTS', 2, 10, 1, '', '2020-07-03 16:33:51', '2020-07-03 16:33:51'),
(785, 'f9761856-bd4a-11ea-8983-c85b76faef09', 'R. JAIDEEP', 'DILIP KUMAR', '', '9052249556', 'STUDENTS', 2, 10, 1, '', '2020-07-03 16:33:51', '2020-07-03 16:33:51'),
(786, 'f9871a33-bd4a-11ea-8983-c85b76faef09', 'RISHIPAL SINGH', 'NARENDRA SINGH', '', '8003881038', 'STUDENTS', 2, 10, 1, '', '2020-07-03 16:33:51', '2020-07-03 16:33:51'),
(787, 'f9900989-bd4a-11ea-8983-c85b76faef09', 'SHASHANK REDDY', 'RAMANA REDDY', '', '9640442413', 'STUDENTS', 2, 10, 1, '', '2020-07-03 16:33:51', '2020-07-03 16:33:51'),
(788, 'f996ecdc-bd4a-11ea-8983-c85b76faef09', 'K.HARINI', 'VEERESH CHARY', '', '9010487661', 'STUDENTS', 2, 10, 1, '', '2020-07-03 16:33:51', '2020-07-03 16:33:51'),
(789, 'f9ae6330-bd4a-11ea-8983-c85b76faef09', 'GAYATHRI', 'RAMESH', '', '9603528367', 'STUDENTS', 2, 10, 1, '', '2020-07-03 16:33:52', '2020-07-03 16:33:52'),
(790, 'f9b6e187-bd4a-11ea-8983-c85b76faef09', 'K.ASRITHA REDDY', 'K.JANARDHAN REDDY', '', '9182004302', 'STUDENTS', 2, 10, 1, '', '2020-07-03 16:33:52', '2020-07-03 16:33:52'),
(791, 'f9c2a5ca-bd4a-11ea-8983-c85b76faef09', 'S.HASINI', 'S.SRINIVAS', '', '9059303274', 'STUDENTS', 2, 10, 1, '', '2020-07-03 16:33:52', '2020-07-03 16:33:52'),
(792, 'f9ce0a41-bd4a-11ea-8983-c85b76faef09', 'A.GEETHANSH', 'A.NAGARAJU', '', '9885578705', 'STUDENTS', 2, 10, 1, '', '2020-07-03 16:33:52', '2020-07-03 16:33:52'),
(793, 'f9d7a99c-bd4a-11ea-8983-c85b76faef09', 'B.DEVANSH', 'B.RAGHAVENDER SWAMY', '', '9398998181', 'STUDENTS', 2, 10, 1, '', '2020-07-03 16:33:52', '2020-07-03 16:33:52'),
(794, 'f9e648e9-bd4a-11ea-8983-c85b76faef09', 'A.JUHITH', 'A.RAJU', '', '7893691393', 'STUDENTS', 2, 10, 1, '', '2020-07-03 16:33:52', '2020-07-03 16:33:52'),
(795, 'f9ef5959-bd4a-11ea-8983-c85b76faef09', 'LOKSHITH NAIK', 'P.KRISHNA MURTHY', '', '9912345610', 'STUDENTS', 2, 10, 1, '', '2020-07-03 16:33:52', '2020-07-03 16:33:52'),
(796, 'f9fc576c-bd4a-11ea-8983-c85b76faef09', 'S.JOTHIN', 'S.MAHESH', '', '9391685453', 'STUDENTS', 2, 10, 1, '', '2020-07-03 16:33:52', '2020-07-03 16:33:52'),
(797, 'fa0487cf-bd4a-11ea-8983-c85b76faef09', 'V.SAHASRA', 'BV.GIRIDHAR', '', '8897793093', 'STUDENTS', 2, 10, 1, '', '2020-07-03 16:33:52', '2020-07-03 16:33:52'),
(798, 'fa090c51-bd4a-11ea-8983-c85b76faef09', 'K DEEKSHITHA', 'K SHIVA', '', '6300681707', 'STUDENTS', 2, 10, 1, '', '2020-07-03 16:33:52', '2020-07-03 16:33:52'),
(799, 'fa0e91d2-bd4a-11ea-8983-c85b76faef09', 'DRUV GEHALOT', 'JEEV RAJ', '', '8328130134', 'STUDENTS', 2, 10, 1, '', '2020-07-03 16:33:52', '2020-07-03 16:33:52'),
(800, 'fa134671-bd4a-11ea-8983-c85b76faef09', 'KAVERI', 'RAVI', '', '8919961382', 'STUDENTS', 2, 10, 1, '', '2020-07-03 16:33:52', '2020-07-03 16:33:52'),
(825, '39c58ea7-bd4b-11ea-8983-c85b76faef09', 'R.AMULYA', 'R.RAMULU', '', '9502207340', 'STUDENTS', 2, 9, 5, '', '2020-07-03 16:35:39', '2020-07-03 16:35:39'),
(826, '39d09507-bd4b-11ea-8983-c85b76faef09', 'B.CHINMAI REDDY', 'B.MOHAN REDDY', '', '9912383958', 'STUDENTS', 2, 9, 5, '', '2020-07-03 16:35:39', '2020-07-03 16:35:39'),
(827, '39d52231-bd4b-11ea-8983-c85b76faef09', 'P.DHANASRI', 'P. KRISHNA', '', '8074435415', 'STUDENTS', 2, 9, 5, '', '2020-07-03 16:35:39', '2020-07-03 16:35:39'),
(829, '39df5ab5-bd4b-11ea-8983-c85b76faef09', 'U.KARTHIKA', 'U. VENKATAIAH', '', '9618014533', 'STUDENTS', 2, 9, 5, '', '2020-07-03 16:35:39', '2020-07-03 16:35:39'),
(831, '39e97d53-bd4b-11ea-8983-c85b76faef09', 'P.NIKSHITHA', 'P.UMESH', '', '7036842216', 'STUDENTS', 2, 9, 5, '', '2020-07-03 16:35:39', '2020-07-03 16:35:39'),
(832, '39eefbc9-bd4b-11ea-8983-c85b76faef09', 'M.ROHITHA SAI', 'BHUCHAIAH PATEL', '', '7995647951', 'STUDENTS', 2, 9, 5, '', '2020-07-03 16:35:39', '2020-07-03 16:35:39'),
(834, '39f9273e-bd4b-11ea-8983-c85b76faef09', 'G.SHANVI', 'G.PRASHANTH', '', '7730846116', 'STUDENTS', 2, 9, 5, '', '2020-07-03 16:35:39', '2020-07-03 16:35:39'),
(835, '39fdb2dd-bd4b-11ea-8983-c85b76faef09', 'S.SAANVI', 'S.SUNDER SINGH', '', '9505901928', 'STUDENTS', 2, 9, 5, '', '2020-07-03 16:35:40', '2020-07-03 16:35:40'),
(836, '3a051b87-bd4b-11ea-8983-c85b76faef09', 'N.SAANVI', 'N.SRISAILAM', '', '8247853252', 'STUDENTS', 2, 9, 5, '', '2020-07-03 16:35:40', '2020-07-03 16:35:40'),
(837, '3a099797-bd4b-11ea-8983-c85b76faef09', 'U.SATHWIKA', 'U.SRINATH GOUD', '', '9849923011', 'STUDENTS', 2, 9, 5, '', '2020-07-03 16:35:40', '2020-07-03 16:35:40'),
(838, '3a0f2ae5-bd4b-11ea-8983-c85b76faef09', 'V.SNEHIKA', 'SRINIVAS', '', '9396333661', 'STUDENTS', 2, 9, 5, '', '2020-07-03 16:35:40', '2020-07-03 16:35:40'),
(839, '3a13bea6-bd4b-11ea-8983-c85b76faef09', 'C.SRIJA REDDY', 'C.KRISHNA REDDY', '', '8019970533', 'STUDENTS', 2, 9, 5, '', '2020-07-03 16:35:40', '2020-07-03 16:35:40'),
(840, '3a195daf-bd4b-11ea-8983-c85b76faef09', 'M.VARSHINI PRIYA', 'M.KRISHNAIAH', '', '9948512537', 'STUDENTS', 2, 9, 5, '', '2020-07-03 16:35:40', '2020-07-03 16:35:40'),
(841, '3a1dc055-bd4b-11ea-8983-c85b76faef09', 'P.VARUNITHA', 'P.JANGAIAH GOUD', '', '9666476522', 'STUDENTS', 2, 9, 5, '', '2020-07-03 16:35:40', '2020-07-03 16:35:40'),
(842, '3a2525c0-bd4b-11ea-8983-c85b76faef09', 'M.AVINASH REDDY', 'M.MURALIDHAR REDDY', '', '9985992261', 'STUDENTS', 2, 9, 5, '', '2020-07-03 16:35:40', '2020-07-03 16:35:40'),
(843, '3a3ab473-bd4b-11ea-8983-c85b76faef09', 'V.DHANUSH', 'V.ANJANEYULU', '', '8919030458', 'STUDENTS', 2, 9, 5, '', '2020-07-03 16:35:40', '2020-07-03 16:35:40'),
(844, '3a449fe8-bd4b-11ea-8983-c85b76faef09', 'S.EEKSHITH', 'PRAKASH', '', '7989715014', 'STUDENTS', 2, 9, 5, '', '2020-07-03 16:35:40', '2020-07-03 16:35:40'),
(845, '3a4d724d-bd4b-11ea-8983-c85b76faef09', 'M.JASHITH', 'SANDEEP KUMAR', '', '9676679813', 'STUDENTS', 2, 9, 5, '', '2020-07-03 16:35:40', '2020-07-03 16:35:40'),
(846, '3a573dc5-bd4b-11ea-8983-c85b76faef09', 'KRISHNA SINGH', 'HUKUM SINGH', '', '9490117058', 'STUDENTS', 2, 9, 5, '', '2020-07-03 16:35:40', '2020-07-03 16:35:40'),
(847, '3a6b85ea-bd4b-11ea-8983-c85b76faef09', 'D.PRANITH REDDY', 'SRIDHAR REDDY', '', '9948482582', 'STUDENTS', 2, 9, 5, '', '2020-07-03 16:35:40', '2020-07-03 16:35:40'),
(848, '3a711fcb-bd4b-11ea-8983-c85b76faef09', 'Y.PUNITH SAI', 'Y.RAMESH', '', '9392127115', 'STUDENTS', 2, 9, 5, '', '2020-07-03 16:35:40', '2020-07-03 16:35:40'),
(850, '3a7b5842-bd4b-11ea-8983-c85b76faef09', 'B.RIYAANSHU', 'B.MAHENDER', '', '9849858521', 'STUDENTS', 2, 9, 5, '', '2020-07-03 16:35:40', '2020-07-03 16:35:40'),
(851, '3a7ff977-bd4b-11ea-8983-c85b76faef09', 'M.ROHAN TEJA', 'M. KRISHNAIAH', '', '9603256427', 'STUDENTS', 2, 9, 5, '', '2020-07-03 16:35:40', '2020-07-03 16:35:40'),
(852, '3a8571e8-bd4b-11ea-8983-c85b76faef09', 'R.SIRISH', 'SHIVUDU', '', '9700226286', 'STUDENTS', 2, 9, 5, '', '2020-07-03 16:35:40', '2020-07-03 16:35:40'),
(853, '3a8a0414-bd4b-11ea-8983-c85b76faef09', 'B.SMARAN', 'JAGAN', '', '9963645464', 'STUDENTS', 2, 9, 5, '', '2020-07-03 16:35:40', '2020-07-03 16:35:40'),
(854, '694f417b-bd4b-11ea-8983-c85b76faef09', 'B.ASHWITHA', 'SANTHOSH KUMAR', '', '9177149410', 'STUDENTS', 2, 8, 9, '', '2020-07-03 16:36:59', '2020-07-03 16:36:59'),
(855, '6955b582-bd4b-11ea-8983-c85b76faef09', 'R.MEGHANA', 'GOPAL', '', '8341548336', 'STUDENTS', 2, 8, 9, '', '2020-07-03 16:36:59', '2020-07-03 16:36:59'),
(857, '696373af-bd4b-11ea-8983-c85b76faef09', 'G.PRAHARSHA', 'PRADEEP', '', '9640929198', 'STUDENTS', 2, 8, 9, '', '2020-07-03 16:36:59', '2020-07-03 16:36:59'),
(858, '69685c42-bd4b-11ea-8983-c85b76faef09', 'P.RUTHIKA', 'UMESH', '', '7386678942', 'STUDENTS', 2, 8, 9, '', '2020-07-03 16:36:59', '2020-07-03 16:36:59'),
(859, '696cd4a0-bd4b-11ea-8983-c85b76faef09', 'S.SHRESTHA', 'JAIPAL REDDY', '', '9966712700', 'STUDENTS', 2, 8, 9, '', '2020-07-03 16:36:59', '2020-07-03 16:36:59'),
(860, '69727855-bd4b-11ea-8983-c85b76faef09', 'S.SPANDANA', 'SRINIVAS', '', '93996695526', 'STUDENTS', 2, 8, 9, '', '2020-07-03 16:36:59', '2020-07-03 16:36:59'),
(862, '697cacf7-bd4b-11ea-8983-c85b76faef09', 'P.HARSHITH', 'SHASHIKANTH', '', '9912740342', 'STUDENTS', 2, 8, 9, '', '2020-07-03 16:36:59', '2020-07-03 16:36:59'),
(863, '69812d0e-bd4b-11ea-8983-c85b76faef09', 'B.NAGA HARSHIL', 'KRISHNAIAH', '', '9642921000', 'STUDENTS', 2, 8, 9, '', '2020-07-03 16:36:59', '2020-07-03 16:36:59'),
(865, '698b4152-bd4b-11ea-8983-c85b76faef09', 'O.RESHWANTH', 'ANIL KUMAR', '', '8919738227', 'STUDENTS', 2, 8, 9, '', '2020-07-03 16:36:59', '2020-07-03 16:36:59'),
(866, '6990f46c-bd4b-11ea-8983-c85b76faef09', 'S.SRIHAN SUHAS', 'BEERAPPA', '', '9502992127', 'STUDENTS', 2, 8, 9, '', '2020-07-03 16:36:59', '2020-07-03 16:36:59'),
(867, '699560a7-bd4b-11ea-8983-c85b76faef09', 'D.VEEKSHITH REDDY', 'SRIDHAR REDDY', '', '9963383019', 'STUDENTS', 2, 8, 9, '', '2020-07-03 16:36:59', '2020-07-03 16:36:59'),
(868, '699b02b6-bd4b-11ea-8983-c85b76faef09', 'VANGARI SREE ESHWARI', 'V.PRAKASH', '', '7416368634', 'STUDENTS', 2, 8, 9, '', '2020-07-03 16:36:59', '2020-07-03 16:36:59'),
(869, 'd93a13e6-bd4b-11ea-8983-c85b76faef09', 'G.DEEKSHA', '', '', '9492140187', 'STUDENTS', 2, 7, 13, '', '2020-07-03 16:40:07', '2020-07-03 16:40:07'),
(871, 'd94c0f29-bd4b-11ea-8983-c85b76faef09', 'T.HARSHINI', '', '', '9492348226', 'STUDENTS', 2, 7, 13, '', '2020-07-03 16:40:07', '2020-07-03 16:40:07'),
(872, 'd951b140-bd4b-11ea-8983-c85b76faef09', 'E.KRITHIKA', '', '', '9848309071', 'STUDENTS', 2, 7, 13, '', '2020-07-03 16:40:07', '2020-07-03 16:40:07'),
(873, 'd956301c-bd4b-11ea-8983-c85b76faef09', 'MEHAK', '', '', '8019649872', 'STUDENTS', 2, 7, 13, '', '2020-07-03 16:40:07', '2020-07-03 16:40:07'),
(875, 'd9605880-bd4b-11ea-8983-c85b76faef09', 'K.RIKSHITHA', '', '', '9948962567', 'STUDENTS', 2, 7, 13, '', '2020-07-03 16:40:07', '2020-07-03 16:40:07'),
(876, 'd9679e32-bd4b-11ea-8983-c85b76faef09', 'T.SAHASRA REDDY', '', '', '8897791976', 'STUDENTS', 2, 7, 13, '', '2020-07-03 16:40:07', '2020-07-03 16:40:07'),
(877, 'd96dc237-bd4b-11ea-8983-c85b76faef09', 'B.YESHASVI', '', '', '9848875516', 'STUDENTS', 2, 7, 13, '', '2020-07-03 16:40:07', '2020-07-03 16:40:07'),
(879, 'd97e160d-bd4b-11ea-8983-c85b76faef09', 'P.AKSHAY', '', '', '8019196484', 'STUDENTS', 2, 7, 13, '', '2020-07-03 16:40:07', '2020-07-03 16:40:07'),
(880, 'd985832a-bd4b-11ea-8983-c85b76faef09', 'R.CHARAN', '', '', '9963312366', 'STUDENTS', 2, 7, 13, '', '2020-07-03 16:40:07', '2020-07-03 16:40:07'),
(881, 'd9901ea2-bd4b-11ea-8983-c85b76faef09', 'D.CHETAN', '', '', '9030881169', 'STUDENTS', 2, 7, 13, '', '2020-07-03 16:40:07', '2020-07-03 16:40:07'),
(882, 'd9974da2-bd4b-11ea-8983-c85b76faef09', 'T.DHANUSH', '', '', '9290649233', 'STUDENTS', 2, 7, 13, '', '2020-07-03 16:40:07', '2020-07-03 16:40:07'),
(883, 'd9a09a4e-bd4b-11ea-8983-c85b76faef09', 'A.KANISHQKESHWAR', '', '', '9705993893', 'STUDENTS', 2, 7, 13, '', '2020-07-03 16:40:07', '2020-07-03 16:40:07'),
(884, 'd9aaec1e-bd4b-11ea-8983-c85b76faef09', 'P.MUKESH VENKAT SAI', '', '', '7780738971', 'STUDENTS', 2, 7, 13, '', '2020-07-03 16:40:07', '2020-07-03 16:40:07'),
(885, 'd9b3b979-bd4b-11ea-8983-c85b76faef09', 'T.RAMANUJAN', '', '', '8121483913', 'STUDENTS', 2, 7, 13, '', '2020-07-03 16:40:07', '2020-07-03 16:40:07'),
(893, '3b56be89-bd4c-11ea-8983-c85b76faef09', 'A.NANDHINI', 'NAGARAJU', '', '7386498951', 'STUDENTS', 2, 6, 17, '', '2020-07-03 16:42:51', '2020-07-03 16:42:51'),
(896, '3b666ba6-bd4c-11ea-8983-c85b76faef09', 'Y.AKSHITH REDDY', 'SRINIVAS REDDY', '', '9603430120', 'STUDENTS', 2, 6, 17, '', '2020-07-03 16:42:51', '2020-07-03 16:42:51'),
(898, '3b709031-bd4c-11ea-8983-c85b76faef09', 'A.LOKESH', 'SRINIVAS', '', '9666828774', 'STUDENTS', 2, 6, 17, '', '2020-07-03 16:42:51', '2020-07-03 16:42:51'),
(900, '3b7abfeb-bd4c-11ea-8983-c85b76faef09', 'A.ROHIT', 'PRAVIN KUMAR', '', '6301979706', 'STUDENTS', 2, 6, 17, '', '2020-07-03 16:42:52', '2020-07-03 16:42:52'),
(901, '3b7f653a-bd4c-11ea-8983-c85b76faef09', 'N.SAI DEEKSHITH', 'SRISAILAM', '', '9912199718', 'STUDENTS', 2, 6, 17, '', '2020-07-03 16:42:52', '2020-07-03 16:42:52'),
(903, '3b953c48-bd4c-11ea-8983-c85b76faef09', 'E.VIGNAN GOUD', 'MALLESH', '', '9666322598', 'STUDENTS', 2, 6, 17, '', '2020-07-03 16:42:52', '2020-07-03 16:42:52'),
(905, '3b9f7b2e-bd4c-11ea-8983-c85b76faef09', 'R.VIVEK SAI', 'R.DAMODAR RAO', '', '9177155728', 'STUDENTS', 2, 6, 17, '', '2020-07-03 16:42:52', '2020-07-03 16:42:52'),
(906, '75c06411-bd4c-11ea-8983-c85b76faef09', 'BEGUMPET.AKSHAYA', 'B.RAJU', '', '9652871531', 'STUDENTS', 2, 5, 20, '', '2020-07-03 16:44:29', '2020-07-03 16:44:29'),
(907, '75c61b36-bd4c-11ea-8983-c85b76faef09', 'M.DHARANI', 'M.SHEKAR', '', '9676736095', 'STUDENTS', 2, 5, 20, '', '2020-07-03 16:44:29', '2020-07-03 16:44:29'),
(908, '75cabb46-bd4c-11ea-8983-c85b76faef09', 'C.HARINI', 'C.BALA NARASIMHA', '', '9603080875', 'STUDENTS', 2, 5, 20, '', '2020-07-03 16:44:29', '2020-07-03 16:44:29'),
(909, '75d04d06-bd4c-11ea-8983-c85b76faef09', 'G.MEENAKSHI', 'SUDHEER GOUD', '', '8374202699', 'STUDENTS', 2, 5, 20, '', '2020-07-03 16:44:29', '2020-07-03 16:44:29'),
(910, '75d4d902-bd4c-11ea-8983-c85b76faef09', 'B.MANOGNA', 'RAMA KRISHNA', '', '7396142616', 'STUDENTS', 2, 5, 20, '', '2020-07-03 16:44:29', '2020-07-03 16:44:29'),
(913, '75e474bd-bd4c-11ea-8983-c85b76faef09', 'P.PRANAVI', 'CHANDRASHEKAR', '', '9573917688', 'STUDENTS', 2, 5, 20, '', '2020-07-03 16:44:30', '2020-07-03 16:44:30'),
(916, '75f364ed-bd4c-11ea-8983-c85b76faef09', 'M.ABHIRAM', 'YADAIAH', '', '9603232639', 'STUDENTS', 2, 5, 20, '', '2020-07-03 16:44:30', '2020-07-03 16:44:30'),
(917, '75f8d113-bd4c-11ea-8983-c85b76faef09', 'R.AKHILESHWAR', 'R. CHINNA BABU REDDY', '', '9908298980', 'STUDENTS', 2, 5, 20, '', '2020-07-03 16:44:30', '2020-07-03 16:44:30'),
(918, '75ff1962-bd4c-11ea-8983-c85b76faef09', 'J.ARVIND', 'RANGA', '', '9177734053', 'STUDENTS', 2, 5, 20, '', '2020-07-03 16:44:30', '2020-07-03 16:44:30'),
(920, '760944dd-bd4c-11ea-8983-c85b76faef09', 'R.NIKHILESHWAR', 'CHINNA BABU REDDY', '', '9618254833', 'STUDENTS', 2, 5, 20, '', '2020-07-03 16:44:30', '2020-07-03 16:44:30'),
(921, '760ec76b-bd4c-11ea-8983-c85b76faef09', 'T.SHIVA BALAJI', 'LAXMI NARAYANA', '', '6303721894', 'STUDENTS', 2, 5, 20, '', '2020-07-03 16:44:30', '2020-07-03 16:44:30'),
(923, '7618e445-bd4c-11ea-8983-c85b76faef09', 'K.SUJITH JENNY', 'NAGARJUNA', '', '9010203844', 'STUDENTS', 2, 5, 20, '', '2020-07-03 16:44:30', '2020-07-03 16:44:30'),
(925, '76230f87-bd4c-11ea-8983-c85b76faef09', 'J.YASHWANTH', 'NARENDER', '', '9010307171', 'STUDENTS', 2, 5, 20, '', '2020-07-03 16:44:30', '2020-07-03 16:44:30'),
(930, 'a86ed614-bd4c-11ea-8983-c85b76faef09', 'T.MANASWINI ROYAL', 'T.MURALI KRISHNA  ROYAL', '', '9491870937', 'STUDENTS', 2, 4, 23, '', '2020-07-03 16:45:54', '2020-07-03 16:45:54'),
(932, 'a87961f7-bd4c-11ea-8983-c85b76faef09', 'B.SINDHU REDDY', 'B. BALAVANTH REDDY', '', '9704092206', 'STUDENTS', 2, 4, 23, '', '2020-07-03 16:45:54', '2020-07-03 16:45:54'),
(933, 'a87e68f6-bd4c-11ea-8983-c85b76faef09', 'P.K.SRIHARIKA', 'P K SHIVA KUMAR', '', '9966256256', 'STUDENTS', 2, 4, 23, '', '2020-07-03 16:45:54', '2020-07-03 16:45:54'),
(936, 'a88d310d-bd4c-11ea-8983-c85b76faef09', 'K.CHARAN TEJA', 'K.RAMESH', '', '9440324122', 'STUDENTS', 2, 4, 23, '', '2020-07-03 16:45:55', '2020-07-03 16:45:55'),
(937, 'a892c93a-bd4c-11ea-8983-c85b76faef09', 'AMGOTH.DEEPAK TEJA', 'AMAGOTH.GOPINATH', '', '8498935397', 'STUDENTS', 2, 4, 23, '', '2020-07-03 16:45:55', '2020-07-03 16:45:55'),
(940, 'a8a4dbb9-bd4c-11ea-8983-c85b76faef09', 'JATTA.MITHUL TEJA', 'JATTA. SRISAILAM', '', '8919067479', 'STUDENTS', 2, 4, 23, '', '2020-07-03 16:45:55', '2020-07-03 16:45:55'),
(944, 'a8b92f18-bd4c-11ea-8983-c85b76faef09', 'GOURA.RAM CHARAN', 'GOURA.ILAIAH', '', '9394628999', 'STUDENTS', 2, 4, 23, '', '2020-07-03 16:45:55', '2020-07-03 16:45:55'),
(945, 'a8c20b2c-bd4c-11ea-8983-c85b76faef09', 'BHUKYA.THREENENDER', 'BHUKYA. DEVENDER', '', '8886220323', 'STUDENTS', 2, 4, 23, '', '2020-07-03 16:45:55', '2020-07-03 16:45:55'),
(949, '0fe9e64e-bd4d-11ea-8983-c85b76faef09', 'B.MIJUNITHA', 'B.NARENDER', '', '8919299709', 'STUDENTS', 2, 3, 26, '', '2020-07-03 16:48:48', '2020-07-03 16:48:48'),
(955, '100975fb-bd4d-11ea-8983-c85b76faef09', 'B.ANIRUDH', 'KISHAN RAO', '', '9912340611', 'STUDENTS', 2, 3, 26, '', '2020-07-03 16:48:48', '2020-07-03 16:48:48'),
(956, '100ef553-bd4d-11ea-8983-c85b76faef09', 'K.BUNNY GOUD', 'KRISHNA', '', '9553678418', 'STUDENTS', 2, 3, 26, '', '2020-07-03 16:48:48', '2020-07-03 16:48:48'),
(958, '101927f6-bd4d-11ea-8983-c85b76faef09', 'M.MAITHREYAN', 'M.MANOJ KUMAR', '', '9246307776', 'STUDENTS', 2, 3, 26, '', '2020-07-03 16:48:48', '2020-07-03 16:48:48'),
(960, '10233717-bd4d-11ea-8983-c85b76faef09', 'K.ROHITH CHANDRA', 'K.CHANDRA SHEKAR', '', '9642685576', 'STUDENTS', 2, 3, 26, '', '2020-07-03 16:48:48', '2020-07-03 16:48:48'),
(961, '10344294-bd4d-11ea-8983-c85b76faef09', 'R.SANAY', 'R.SANTHOSH', '', '8374590501', 'STUDENTS', 2, 3, 26, '', '2020-07-03 16:48:48', '2020-07-03 16:48:48'),
(962, '8043a581-bd4d-11ea-8983-c85b76faef09', 'MEKALA.DURGA BHAVANI', 'MEKALA.KRISHNA', '', '9652920690', 'STUDENTS', 2, 2, 28, '', '2020-07-03 16:51:56', '2020-07-03 16:51:56'),
(968, '807322ad-bd4d-11ea-8983-c85b76faef09', 'THOKALA.SONIKA REDDY', 'THOKALA.RAGHAVA REDDY', '', '9603014756', 'STUDENTS', 2, 2, 28, '', '2020-07-03 16:51:57', '2020-07-03 16:51:57'),
(970, '807d2d7a-bd4d-11ea-8983-c85b76faef09', 'K.GOVTHAM RAM', 'K.GOPAL', '', '9542733957', 'STUDENTS', 2, 2, 28, '', '2020-07-03 16:51:57', '2020-07-03 16:51:57'),
(973, '808ce782-bd4d-11ea-8983-c85b76faef09', 'A.RUSHIKESH', 'A. VAJRA LINGAM', '', '9640017387', 'STUDENTS', 2, 2, 28, '', '2020-07-03 16:51:57', '2020-07-03 16:51:57'),
(975, '809717f7-bd4d-11ea-8983-c85b76faef09', 'A.VISHNU KUMAR', 'A.SHIVA KUMAR', '', '9059315799', 'STUDENTS', 2, 2, 28, '', '2020-07-03 16:51:57', '2020-07-03 16:51:57'),
(976, 'b4e1bae8-bd4d-11ea-8983-c85b76faef09', 'SIDDALA.AKHILA', 'SIDDALA.BEERAPPA', '', '9701775963', 'STUDENTS', 2, 1, 30, '', '2020-07-03 16:53:25', '2020-07-03 16:53:25'),
(977, 'b4ed5e0d-bd4d-11ea-8983-c85b76faef09', 'BANDARU.AMULYA', 'BANDARU.GOPAL', '', '8519820060', 'STUDENTS', 2, 1, 30, '', '2020-07-03 16:53:25', '2020-07-03 16:53:25'),
(978, 'b4f1db15-bd4d-11ea-8983-c85b76faef09', 'SANUGOMMULA.HARSHINI', 'S. GOVARDHAN REDDY', '', '9030068554', 'STUDENTS', 2, 1, 30, '', '2020-07-03 16:53:25', '2020-07-03 16:53:25'),
(979, 'b4f76331-bd4d-11ea-8983-c85b76faef09', 'BUSSIREDDY.HITHA SRI', 'B.PARAMESHWAR REDDY', '', '8686368998', 'STUDENTS', 2, 1, 30, '', '2020-07-03 16:53:25', '2020-07-03 16:53:25'),
(980, 'b4fc46d3-bd4d-11ea-8983-c85b76faef09', 'THOKALA.MONIKA REDDY', 'T. RAGHAVA REDDY', '', '7013605705', 'STUDENTS', 2, 1, 30, '', '2020-07-03 16:53:25', '2020-07-03 16:53:25'),
(981, 'b5019ddc-bd4d-11ea-8983-c85b76faef09', 'THAKUR.RUCHIKA SINGH', 'THAKUR. RAJ VINESH SINGH', '', '9014562527', 'STUDENTS', 2, 1, 30, '', '2020-07-03 16:53:25', '2020-07-03 16:53:25'),
(982, 'b50615fc-bd4d-11ea-8983-c85b76faef09', 'VANAM AMARNATH', 'VANAM GOVARDHAN', '', '9505246122', 'STUDENTS', 2, 1, 30, '', '2020-07-03 16:53:25', '2020-07-03 16:53:25'),
(985, 'b515c7c5-bd4d-11ea-8983-c85b76faef09', 'B.GANESH CHOWDARY', 'B. MAHESH CHOWDARY', '', '6300540781', 'STUDENTS', 2, 1, 30, '', '2020-07-03 16:53:25', '2020-07-03 16:53:25'),
(986, 'b51c7822-bd4d-11ea-8983-c85b76faef09', 'SURVI.GOPINATH GOUD', 'SURVI. YADAGIRI GOUD', '', '9440733832', 'STUDENTS', 2, 1, 30, '', '2020-07-03 16:53:25', '2020-07-03 16:53:25'),
(987, 'b5212259-bd4d-11ea-8983-c85b76faef09', 'K.MOHITH CHANDRA', 'K.CHANDRA SHEKAR', '', '9703803424', 'STUDENTS', 2, 1, 30, '', '2020-07-03 16:53:25', '2020-07-03 16:53:25'),
(988, 'b531eb84-bd4d-11ea-8983-c85b76faef09', 'KADEM.UJWAL NARASIMHA', 'KADEM.ILAIAH', '', '7286809659', 'STUDENTS', 2, 1, 30, '', '2020-07-03 16:53:25', '2020-07-03 16:53:25'),
(989, 'b53765fa-bd4d-11ea-8983-c85b76faef09', 'K.VENU GOPAL', 'R.KARUPPU SWAMY', '', '9441220339', 'STUDENTS', 2, 1, 30, '', '2020-07-03 16:53:25', '2020-07-03 16:53:25');

--
-- Indexes for dumped tables
--

--
-- Indexes for table `branches`
--
ALTER TABLE `branches`
  ADD PRIMARY KEY (`id`);

--
-- Indexes for table `classes`
--
ALTER TABLE `classes`
  ADD PRIMARY KEY (`id`);

--
-- Indexes for table `homeworks`
--
ALTER TABLE `homeworks`
  ADD PRIMARY KEY (`id`),
  ADD KEY `homework_on` (`homework_on`);

--
-- Indexes for table `homework_sections`
--
ALTER TABLE `homework_sections`
  ADD PRIMARY KEY (`id`),
  ADD KEY `homework_id` (`homework_id`),
  ADD KEY `section_id` (`section_id`),
  ADD KEY `class_id` (`class_id`),
  ADD KEY `subject_id` (`subject_id`),
  ADD KEY `homework_on` (`homework_on`);

--
-- Indexes for table `posts`
--
ALTER TABLE `posts`
  ADD PRIMARY KEY (`id`),
  ADD KEY `post_on` (`post_on`),
  ADD KEY `uuid` (`uuid`);

--
-- Indexes for table `post_sections`
--
ALTER TABLE `post_sections`
  ADD PRIMARY KEY (`id`),
  ADD KEY `post_id` (`post_id`),
  ADD KEY `section_id` (`section_id`),
  ADD KEY `class_id` (`class_id`),
  ADD KEY `subject_id` (`subject_id`),
  ADD KEY `post_on` (`post_on`);

--
-- Indexes for table `sections`
--
ALTER TABLE `sections`
  ADD PRIMARY KEY (`id`),
  ADD KEY `sections_branch` (`branch_id`),
  ADD KEY `sectons_class` (`class_id`);

--
-- Indexes for table `student_homeworks`
--
ALTER TABLE `student_homeworks`
  ADD PRIMARY KEY (`id`),
  ADD KEY `student_id` (`student_id`),
  ADD KEY `homework_id` (`homework_id`);

--
-- Indexes for table `subjects`
--
ALTER TABLE `subjects`
  ADD PRIMARY KEY (`id`);

--
-- Indexes for table `teachermappings`
--
ALTER TABLE `teachermappings`
  ADD PRIMARY KEY (`id`),
  ADD KEY `mappings_branch` (`branch_id`),
  ADD KEY `mappings_teacher_id` (`teacher_id`),
  ADD KEY `mappings_class_id` (`class_id`),
  ADD KEY `mappings_section_id` (`section_id`),
  ADD KEY `mappings_subject_id` (`subject_id`);

--
-- Indexes for table `users`
--
ALTER TABLE `users`
  ADD PRIMARY KEY (`id`),
  ADD UNIQUE KEY `user_mobile` (`mobile`),
  ADD KEY `role` (`role`),
  ADD KEY `branch` (`branch_id`),
  ADD KEY `users_class_id` (`class_id`),
  ADD KEY `users_section_id` (`section_id`);

--
-- AUTO_INCREMENT for dumped tables
--

--
-- AUTO_INCREMENT for table `branches`
--
ALTER TABLE `branches`
  MODIFY `id` int(11) NOT NULL AUTO_INCREMENT, AUTO_INCREMENT=8;

--
-- AUTO_INCREMENT for table `classes`
--
ALTER TABLE `classes`
  MODIFY `id` int(11) NOT NULL AUTO_INCREMENT, AUTO_INCREMENT=11;

--
-- AUTO_INCREMENT for table `homeworks`
--
ALTER TABLE `homeworks`
  MODIFY `id` int(11) NOT NULL AUTO_INCREMENT;

--
-- AUTO_INCREMENT for table `homework_sections`
--
ALTER TABLE `homework_sections`
  MODIFY `id` int(11) NOT NULL AUTO_INCREMENT;

--
-- AUTO_INCREMENT for table `posts`
--
ALTER TABLE `posts`
  MODIFY `id` int(11) NOT NULL AUTO_INCREMENT, AUTO_INCREMENT=2;

--
-- AUTO_INCREMENT for table `post_sections`
--
ALTER TABLE `post_sections`
  MODIFY `id` int(11) NOT NULL AUTO_INCREMENT, AUTO_INCREMENT=2;

--
-- AUTO_INCREMENT for table `sections`
--
ALTER TABLE `sections`
  MODIFY `id` int(11) NOT NULL AUTO_INCREMENT, AUTO_INCREMENT=32;

--
-- AUTO_INCREMENT for table `student_homeworks`
--
ALTER TABLE `student_homeworks`
  MODIFY `id` int(11) NOT NULL AUTO_INCREMENT;

--
-- AUTO_INCREMENT for table `subjects`
--
ALTER TABLE `subjects`
  MODIFY `id` int(11) NOT NULL AUTO_INCREMENT, AUTO_INCREMENT=70;

--
-- AUTO_INCREMENT for table `teachermappings`
--
ALTER TABLE `teachermappings`
  MODIFY `id` int(11) NOT NULL AUTO_INCREMENT, AUTO_INCREMENT=239;

--
-- AUTO_INCREMENT for table `users`
--
ALTER TABLE `users`
  MODIFY `id` int(11) NOT NULL AUTO_INCREMENT, AUTO_INCREMENT=990;
COMMIT;

/*!40101 SET CHARACTER_SET_CLIENT=@OLD_CHARACTER_SET_CLIENT */;
/*!40101 SET CHARACTER_SET_RESULTS=@OLD_CHARACTER_SET_RESULTS */;
/*!40101 SET COLLATION_CONNECTION=@OLD_COLLATION_CONNECTION */;
